case_enquiry_id,open_dt,closed_dt,case_status,closure_reason,case_title,reason,type,neighborhood,location,location_street_name,latitude,longitude
101006712004,2026-06-30 11:25:32.21,,Open,,Sign Repair,Signs & Signals,Sign Repair,South Boston / South Boston Waterfront,41 Farragut Rd  South Boston  MA  02127,41 Farragut Rd,42.33686000031228,-71.02540000131945
101006722448,2026-07-23 08:25:53.91,,Open,,Sign Repair,Signs & Signals,Sign Repair,South Boston / South Boston Waterfront,32 Emerson St  South Boston  MA  02127,32 Emerson St,42.336579999995465,-71.04293000090193
101006730334,2026-08-06 22:05:16.207,,Open,,Sign Repair,Signs & Signals,Sign Repair,South Boston / South Boston Waterfront,341 K St  South Boston  MA  02127,341 K St,42.33202000023649,-71.03750000150825
101006733204,2026-08-12 19:16:53.78,,Open,,Sign Repair,Signs & Signals,Sign Repair,South Boston / South Boston Waterfront,339A-339 Dorchester St  South Boston  MA  02127,339A-339 Dorchester St,42.33100045690748,-71.05453720660016
101006572188,2026-03-17 08:05:00,,Open,,Request for Pothole Repair,Highway Maintenance,Request for Pothole Repair,South Boston / South Boston Waterfront,INTERSECTION of A St &amp; Congress St  Boston  MA,INTERSECTION A St &amp; Congress St,42.35036087050705,-71.04846518209177
101006613340,2026-04-15 14:09:00,,Open,,Request for Pothole Repair,Highway Maintenance,Request for Pothole Repair,South Boston / South Boston Waterfront,45 Rogers St  South Boston  MA  02127,45 Rogers St,42.32900000041959,-71.05534000099162
101006435276,2026-01-02 13:31:36.08,2026-01-03 10:38:03.537,Closed,Case Closed. Closed date : Sat Jan 03 10:38:03 EST 2026 Resolved Pothole patched,Request for Pothole Repair,Highway Maintenance,Request for Pothole Repair,South Boston / South Boston Waterfront,INTERSECTION of I St &amp; E Eighth St  South Boston  MA,INTERSECTION I St &amp; E Eighth St,42.33139588798139,-71.03983188383754
101006435293,2026-01-02 13:47:40.89,2026-01-02 14:57:19.613,Closed,Case Closed. Closed date : 2026-01-02 14:57:19.613 Case Resolved,Traffic Signal Inspection,Signs & Signals,Traffic Signal Inspection,Downtown / Financial District,INTERSECTION of Kneeland St &amp; Frontage Rd  Boston  MA,INTERSECTION Kneeland St &amp; Frontage Rd,42.34952358273193,-71.05705634035527
101006628723,2026-04-30 16:50:00,,Open,,Request for Pothole Repair,Highway Maintenance,Request for Pothole Repair,Boston,207-211 Congress St  Boston  MA  02110,207-211 Congress St,42.354685305288235,-71.05499672572117
101006435836,2026-01-03 09:57:00,2026-01-03 14:41:23.477,Closed,Case Closed. Closed date : 2026-01-03 14:41:23.477 Case Resolved,Traffic Signal Inspection,Signs & Signals,Traffic Signal Inspection,South Boston / South Boston Waterfront,INTERSECTION of I St &amp; E Fifth St  South Boston  MA,INTERSECTION I St &amp; E Fifth St,42.333865118366745,-71.03992048249226
101006435366,2026-01-02 15:00:00,,Open,,Traffic Signal Inspection,Signs & Signals,Traffic Signal Inspection,South Boston / South Boston Waterfront,INTERSECTION of D St &amp; Northern Ave  Boston  MA,INTERSECTION D St &amp; Northern Ave,42.348858832141225,-71.03901109712476
101006436121,2026-01-03 15:47:00,,Open,,Request for Pothole Repair,Highway Maintenance,Request for Pothole Repair,Boston,100 High St  Boston  MA  02110,100 High St,42.35446544636037,-71.0552986528731
101006436660,2026-01-04 16:48:00,2026-01-05 08:34:18.157,Closed,Case Closed. Closed date : 2026-01-05 08:34:18.157 Please specify what the request is. Thank you.,Traffic Signal Inspection,Signs & Signals,Traffic Signal Inspection,South Boston / South Boston Waterfront,INTERSECTION of W Fourth St &amp; Dorchester Ave  South Boston  MA,INTERSECTION W Fourth St &amp; Dorchester Ave,42.34154321431696,-71.05706189772278
101006437372,2026-01-05 14:54:00,2026-02-24 06:35:04.383,Closed,Case Closed. Closed date : 2026-02-24 06:35:04.383 Case Resolved,Sign Repair,Signs & Signals,Sign Repair,South Boston / South Boston Waterfront,515 E Broadway  South Boston  MA  02127,515 E Broadway,42.335289999886214,-71.04383000101998
101006438339,2026-01-06 14:10:00,,Open,,Sign Repair,Signs & Signals,Sign Repair,South Boston,130 Dorchester Ave  South Boston  MA  02127,130 Dorchester Ave,42.34233290218817,-71.05680607254892
101006438418,2026-01-06 15:13:00,,Open,,Request for Pothole Repair,Highway Maintenance,Request for Pothole Repair,South Boston / South Boston Waterfront,656 Dorchester Ave  South Boston  MA  02127,656 Dorchester Ave,42.32770099989532,-71.05671100123737
101006438419,2026-01-06 15:15:00,,Open,,Request for Pothole Repair,Highway Maintenance,Request for Pothole Repair,South Boston / South Boston Waterfront,670 Dorchester Ave  South Boston  MA  02127,670 Dorchester Ave,42.32734999990327,-71.05669000116866
101006438424,2026-01-06 15:16:00,,Open,,Request for Pothole Repair,Highway Maintenance,Request for Pothole Repair,South Boston / South Boston Waterfront,670 Dorchester Ave  South Boston  MA  02127,670 Dorchester Ave,42.32734999990327,-71.05669000116866
101006438538,2026-01-06 17:05:11.713,2026-03-19 15:20:13.323,Closed,Case Closed. Closed date : 2026-03-19 15:20:13.323 NO EFORM,Requests for Traffic Signal Studies or Reviews,Traffic Management & Engineering,Requests for Traffic Signal Studies or Reviews,South Boston / South Boston Waterfront,INTERSECTION of Columbia Rd &amp; I St  South Boston  MA,INTERSECTION Columbia Rd &amp; I St,42.33028544288251,-71.0397874793102
101006438543,2026-01-06 17:05:00,2026-01-12 11:23:32.747,Closed,Case Closed. Closed date : 2026-01-12 11:23:32.747 Case Noted There is no traffic signal at Columbia Road & L Street.,Requests for Traffic Signal Studies or Reviews,Traffic Management & Engineering,Requests for Traffic Signal Studies or Reviews,South Boston / South Boston Waterfront,INTERSECTION of Columbia Rd &amp; L St  South Boston  MA,INTERSECTION Columbia Rd &amp; L St,42.329526902782916,-71.03520108986012
101006438564,2026-01-06 17:23:00,,Open,,Request for Pothole Repair,Highway Maintenance,Request for Pothole Repair,South Boston / South Boston Waterfront,670 Dorchester Ave  South Boston  MA  02127,670 Dorchester Ave,42.32734999990327,-71.05669000116866
101006437866,2026-01-06 08:26:14.357,2026-01-14 09:10:48.953,Closed,Case Closed. Closed date : Wed Jan 14 09:10:48 EST 2026 Resolved,Request for Pothole Repair,Highway Maintenance,Request for Pothole Repair,Boston,700 Atlantic Ave  Boston  MA  02111,700 Atlantic Ave,42.35195916884466,-71.0550267879467
101006439482,2026-01-07 16:09:53.167,2026-01-07 17:19:04.257,Closed,Case Closed. Closed date : Wed Jan 07 17:19:04 EST 2026 Resolved Intersection is back to stop and go,Traffic Signal Inspection,Signs & Signals,Traffic Signal Inspection,Downtown / Financial District,INTERSECTION of Beach St &amp; John F. Fitzgerald Surface Rd  Boston  MA,INTERSECTION Beach St &amp; John F. Fitzgerald Surface Rd,42.35108380497596,-71.05939495915273
101006440450,2026-01-08 13:44:00,2026-02-04 12:22:02.37,Closed,Case Closed. Closed date : 2026-02-04 12:22:02.37 Case Noted Thank you for contacting the Boston Disability Commission.  The “Resident Permit Parking” requirement can be requested during a regular renewal of the accessible parking space. We will evaluate the location according to program criteria as part of the renewal. For information on your renewal contact our office 617-635-3682 or disability@boston.gov,Sign Repair,Signs & Signals,Sign Repair,South Boston / South Boston Waterfront,11 Knowlton St  South Boston  MA  02127,11 Knowlton St,42.332550000385865,-71.04992000115953
101006439612,2026-01-07 17:51:00,,Open,,Request for Pothole Repair,Highway Maintenance,Request for Pothole Repair,South Boston / South Boston Waterfront,670 Dorchester Ave  South Boston  MA  02127,670 Dorchester Ave,42.32734999990327,-71.05669000116866
101006440849,2026-01-08 18:56:00,2026-01-13 08:14:06.907,Closed,Case Closed. Closed date : 2026-01-13 08:14:06.907 Case Resolved,Sign Repair,Signs & Signals,Sign Repair,South Boston / South Boston Waterfront,INTERSECTION of Seaport Blvd &amp; E Service Rd  Boston  MA,INTERSECTION Seaport Blvd &amp; E Service Rd,42.350986713786334,-71.04399303769418
101006441684,2026-01-09 14:41:30.26,2026-01-09 14:42:00.683,Closed,Case Closed. Closed date : 2026-01-09 14:42:00.683 Duplicate of Existing Case,Request for Pothole Repair,Highway Maintenance,Request for Pothole Repair,South Boston / South Boston Waterfront,INTERSECTION of W Sixth St &amp; D St  South Boston  MA,INTERSECTION W Sixth St &amp; D St,42.336862957924,-71.05311327873427
101006439761,2026-01-07 20:20:00,,Open,,Request for Pothole Repair,Highway Maintenance,Request for Pothole Repair,Downtown / Financial District,INTERSECTION of Summer St &amp; Purchase St  Boston  MA,INTERSECTION Summer St &amp; Purchase St,42.35296080518185,-71.05619394740542
101006441956,2026-01-09 19:39:00,2026-01-17 10:26:12.55,Closed,Case Closed. Closed date : 2026-01-17 10:26:12.55 Case Resolved,Sign Repair,Signs & Signals,Sign Repair,Downtown / Financial District,245 Summer St  Boston  MA  02111,245 Summer St,42.3513950003308,-71.05385200164805
101006441960,2026-01-09 19:46:00,,Open,,Request for Pothole Repair,Highway Maintenance,Request for Pothole Repair,South Boston / South Boston Waterfront,INTERSECTION of Dorchester Ave &amp; Massport Haul Rd  South Boston  MA,INTERSECTION Dorchester Ave &amp; Massport Haul Rd,42.339034152858865,-71.05717100506457
101006441115,2026-01-09 08:03:00,,Open,,Request for Pothole Repair,Highway Maintenance,Request for Pothole Repair,South Boston / South Boston Waterfront,INTERSECTION of W Sixth St &amp; D St  South Boston  MA,INTERSECTION W Sixth St &amp; D St,42.336862957924,-71.05311327873427
101006441125,2026-01-09 08:05:00,2026-01-15 11:01:03.64,Closed,Case Closed. Closed date : 2026-01-15 11:01:03.64 Case Resolved,Sign Repair,Signs & Signals,Sign Repair,South Boston / South Boston Waterfront,INTERSECTION of W Fourth St &amp; Crowley-Rogers Way  South Boston  MA,INTERSECTION W Fourth St &amp; Crowley-Rogers Way,42.34009916703524,-71.05476244880644
101006442234,2026-01-10 10:26:00,2026-06-27 17:24:36.533,Closed,Case Closed. Closed date : 2026-06-27 17:24:36.533 Case Resolved,Sign Repair,Signs & Signals,Sign Repair,Boston,338 Congress St  Boston  MA  02210,338 Congress St,42.35092430100321,-71.04904976007734
101006442292,2026-01-10 11:37:00,2026-02-24 06:35:34.463,Closed,Case Closed. Closed date : 2026-02-24 06:35:34.463 Case Resolved,Sign Repair,Signs & Signals,Sign Repair,South Boston / South Boston Waterfront,515 E Broadway  South Boston  MA  02127,515 E Broadway,42.335289999886214,-71.04383000101998
101006440006,2026-01-08 08:17:00,2026-06-27 17:18:14.17,Closed,Case Closed. Closed date : 2026-06-27 17:18:14.17 Case Resolved,Sign Repair,Signs & Signals,Sign Repair,Boston,338 Congress St  Boston  MA  02210,338 Congress St,42.35092430100321,-71.04904976007734
101006440027,2026-01-08 08:31:00,2026-01-17 10:05:19.63,Closed,Case Closed. Closed date : 2026-01-17 10:05:19.63 Case Resolved,Sign Repair,Signs & Signals,Sign Repair,Boston,133 Seaport Blvd  Boston  MA  02210,133 Seaport Blvd,42.35115218346631,-71.0453487451747
101006447133,2026-01-15 11:09:00,,Open,,Sign Repair,Signs & Signals,Sign Repair,Downtown / Financial District,INTERSECTION of Summer St &amp; Interstate 93 S  Boston  MA,INTERSECTION Summer St &amp; Interstate 93 S,42.35292611852658,-71.05609407977515
101006442952,2026-01-11 11:40:15.853,2026-01-12 09:12:40.377,Closed,Case Closed. Closed date : Mon Jan 12 09:12:40 EST 2026 Resolved Patch,Request for Pothole Repair,Highway Maintenance,Request for Pothole Repair,South Boston / South Boston Waterfront,INTERSECTION of G St &amp; E Fourth St  South Boston  MA,INTERSECTION G St &amp; E Fourth St,42.33457739733694,-71.04423758240411
101006442954,2026-01-11 11:40:00,2026-01-12 07:39:25.877,Closed,Case Closed. Closed date : Mon Jan 12 07:39:25 EST 2026 Noted Apologies the inconveniences this may have caused  Utility company has been notified and will be scheduling repairs  your patience and cooperation is greatly appreciated. Thank you,Request for Pothole Repair,Highway Maintenance,Request for Pothole Repair,South Boston / South Boston Waterfront,62 L St  South Boston  MA  02127,62 L St,42.336128999890434,-71.03523800155928
101006446054,2026-01-14 11:33:00,2026-02-04 09:02:25.717,Closed,Case Closed. Closed date : 2026-02-04 09:02:25.717 Case Noted Hello     This pole went up as part of a larger project. The signs have yet to be installed.    Thank you for contacting 311 and BTD.,Sign Repair,Signs & Signals,Sign Repair,Downtown / Financial District,126-138 High St  Boston  MA  02110,126-138 High St,42.35547000021606,-71.05403000086014
101006445985,2026-01-14 10:38:00,2026-01-28 12:39:10.43,Closed,Case Closed. Closed date : 2026-01-28 12:39:10.43 Case Resolved,Sign Repair,Signs & Signals,Sign Repair,Downtown / Financial District,INTERSECTION of Federal St &amp; Franklin St  Boston  MA,INTERSECTION Federal St &amp; Franklin St,42.35549541891773,-71.05652209243095
101006447090,2026-01-15 10:35:00,2026-02-24 11:08:57.887,Closed,Case Closed. Closed date : 2026-02-24 11:08:57.887 Case Resolved,Sign Repair,Signs & Signals,Sign Repair,South Boston / South Boston Waterfront,INTERSECTION of I St &amp; E Fifth St  South Boston  MA,INTERSECTION I St &amp; E Fifth St,42.333865118366745,-71.03992048249226
101006444841,2026-01-13 10:28:00,,Open,,Sign Repair,Signs & Signals,Sign Repair,South Boston / South Boston Waterfront,446-456 W Broadway   South Boston  MA  02127,446-456 W Broadway,42.33628306501508,-71.04662972968862
101006447207,2026-01-15 12:00:00,2026-05-23 16:51:35.14,Closed,Case Closed. Closed date : 2026-05-23 16:51:35.14 Case Resolved,Sign Repair,Signs & Signals,Sign Repair,South Boston / South Boston Waterfront,807 E Fifth St  South Boston  MA  02127,807 E Fifth St,42.33391000012489,-71.02827000141625
101006449645,2026-01-18 11:13:37.593,2026-01-21 12:31:39.203,Closed,Case Closed. Closed date : 2026-01-21 12:31:39.203 Case Resolved,Sign Repair,Signs & Signals,Sign Repair,South Boston / South Boston Waterfront,INTERSECTION of W Broadway &amp; Foundry St  South Boston  MA,INTERSECTION W Broadway &amp; Foundry St,42.34341099842476,-71.05809897906259
101006450241,2026-01-19 12:09:00,,Open,,Request for Pothole Repair,Highway Maintenance,Request for Pothole Repair,Downtown / Financial District,INTERSECTION of Oliver St &amp; Purchase St  Boston  MA,INTERSECTION Oliver St &amp; Purchase St,42.355236609428225,-71.05205093631805
101006454329,2026-01-23 12:07:00,2026-02-05 14:52:24.297,Closed,Case Closed. Closed date : 2026-02-05 14:52:24.297 Case Resolved CREW PATCHED HOLE.. 1/24,Request for Pothole Repair,Highway Maintenance,Request for Pothole Repair,South Boston / South Boston Waterfront,INTERSECTION of D St &amp; W First St  South Boston  MA,INTERSECTION D St &amp; W First St,42.34070303297727,-71.04861140409633
101006455001,2026-01-24 10:43:22.69,2026-01-24 13:58:02.81,Closed,Case Closed. Closed date : 2026-01-24 13:58:02.81 Case Resolved,Traffic Signal Inspection,Signs & Signals,Traffic Signal Inspection,South Boston / South Boston Waterfront,INTERSECTION of I St &amp; E Fifth St  South Boston  MA,INTERSECTION I St &amp; E Fifth St,42.333865118366745,-71.03992048249226
101006455032,2026-01-24 11:23:28.107,2026-01-24 12:12:02.23,Closed,Case Closed. Closed date : 2026-01-24 12:12:02.23 Case Invalid Please call 311 to report the issue. Per BTD this case has nothing to do with a traffic signal.,Traffic Signal Inspection,Signs & Signals,Traffic Signal Inspection,South Boston / South Boston Waterfront,INTERSECTION of Foundry St &amp; Dorchester Ave  South Boston  MA,INTERSECTION Foundry St &amp; Dorchester Ave,42.34486698671057,-71.0572349056488
101006452175,2026-01-21 11:44:55.017,2026-01-21 12:39:44.787,Closed,Case Closed. Closed date : 2026-01-21 12:39:44.787 Case Resolved Reface and tight housing out of focus  working properly.,Traffic Signal Inspection,Signs & Signals,Traffic Signal Inspection,Downtown / Financial District,INTERSECTION of Congress St &amp; Interstate 93 S  Boston  MA,INTERSECTION Congress St &amp; Interstate 93 S,42.35390678028285,-71.05387577040308
101006455792,2026-01-25 11:12:10.193,,Open,,Request for Pothole Repair,Highway Maintenance,Request for Pothole Repair,South Boston / South Boston Waterfront,356-360 W Second St  South Boston  MA  02127,356-360 W Second St,42.33856000043517,-71.04623900145002
101006461132,2026-01-27 10:18:00,2026-01-28 13:24:02.887,Closed,Case Closed. Closed date : 2026-01-28 13:24:02.887 Please notify Boston 311 if this has not been addressed so a report can be sent to Mass DOT.,Traffic Signal Inspection,Signs & Signals,Traffic Signal Inspection,South Boston / South Boston Waterfront,INTERSECTION of W Service Rd &amp; Massport Haul Rd  South Boston  MA,INTERSECTION W Service Rd &amp; Massport Haul Rd,42.34629449574429,-71.0483523735546
101006457418,2026-01-26 11:29:00.737,2026-04-11 13:36:42.263,Closed,Case Closed. Closed date : 2026-04-11 13:36:42.263 Case Resolved,Sign Repair,Signs & Signals,Sign Repair,South Boston / South Boston Waterfront,INTERSECTION of Gifford Pl &amp; Ward St  South Boston  MA,INTERSECTION Gifford Pl &amp; Ward St,42.32992159296201,-71.05484384805804
101006468482,2026-01-28 22:24:03.743,,Open,,Traffic Signal Inspection,Signs & Signals,Traffic Signal Inspection,South Boston / South Boston Waterfront,INTERSECTION of Broadway Brg &amp; W Broadway  South Boston  MA,INTERSECTION Broadway Brg &amp; W Broadway,42.34285530195491,-71.05716760403725
101006466035,2026-01-28 11:20:00.3,2026-02-05 09:30:35.34,Closed,Case Closed. Closed date : Thu Feb 05 09:30:35 EST 2026 Resolved,Request for Pothole Repair,Highway Maintenance,Request for Pothole Repair,Downtown / Financial District,500 Atlantic Ave  Boston  MA  02110,500 Atlantic Ave,42.35410000001637,-71.05228000112996
101006484619,2026-01-30 23:04:09.787,2026-01-31 08:41:32.823,Closed,Case Closed. Closed date : Sat Jan 31 08:41:32 EST 2026 Resolved,Traffic Signal Inspection,Signs & Signals,Traffic Signal Inspection,Downtown / Financial District,INTERSECTION of Beach St &amp; John F. Fitzgerald Surface Rd  Boston  MA,INTERSECTION Beach St &amp; John F. Fitzgerald Surface Rd,42.35108380497596,-71.05939495915273
101006486241,2026-02-01 07:22:18.163,2026-02-01 09:18:41.18,Closed,Case Closed. Closed date : Sun Feb 01 09:18:41 EST 2026 Resolved,Traffic Signal Inspection,Signs & Signals,Traffic Signal Inspection,South Boston / South Boston Waterfront,INTERSECTION of I St &amp; E Fifth St  South Boston  MA,INTERSECTION I St &amp; E Fifth St,42.333865118366745,-71.03992048249226
101006486789,2026-02-01 13:38:40.517,2026-02-01 14:56:38.267,Closed,Case Closed. Closed date : 2026-02-01 14:56:38.267 Case Resolved,Traffic Signal Inspection,Signs & Signals,Traffic Signal Inspection,South Boston / South Boston Waterfront,INTERSECTION of E Service Rd &amp; Congress St  Boston  MA,INTERSECTION E Service Rd &amp; Congress St,42.34922273569206,-71.04536101839777
101006487174,2026-02-01 18:07:00.577,,Open,,Request for Pothole Repair,Highway Maintenance,Request for Pothole Repair,South Boston / South Boston Waterfront,614 E Third St  South Boston  MA  02127,614 E Third St,42.33664000006339,-71.03527000123566
101006487247,2026-02-01 19:06:43.26,,Open,,Request for Pothole Repair,Highway Maintenance,Request for Pothole Repair,South Boston / South Boston Waterfront,INTERSECTION of Summer St &amp; L St  South Boston  MA,INTERSECTION Summer St &amp; L St,42.33732209785072,-71.03547286983257
101006490106,2026-02-03 07:26:13.033,2026-02-05 09:31:45.753,Closed,Case Closed. Closed date : Thu Feb 05 09:31:45 EST 2026 Resolved,Request for Pothole Repair,Highway Maintenance,Request for Pothole Repair,Downtown / Financial District,289 Devonshire St  Boston  MA  02110,289 Devonshire St,42.35416000010721,-71.05794000125488
101006490110,2026-02-03 07:29:00,,Open,,Request for Pothole Repair,Highway Maintenance,Request for Pothole Repair,Downtown / Financial District,289 Devonshire St  Boston  MA  02110,289 Devonshire St,42.35416000010721,-71.05794000125488
101006490150,2026-02-03 07:44:00,,Open,,Request for Pothole Repair,Highway Maintenance,Request for Pothole Repair,South Boston / South Boston Waterfront,INTERSECTION of Summer St &amp; L St  South Boston  MA,INTERSECTION Summer St &amp; L St,42.33732209785072,-71.03547286983257
101006489389,2026-02-02 17:01:36.59,,Open,,Request for Pothole Repair,Highway Maintenance,Request for Pothole Repair,South Boston / South Boston Waterfront,INTERSECTION of Summer St &amp; L St  South Boston  MA,INTERSECTION Summer St &amp; L St,42.33732209785072,-71.03547286983257
101006495805,2026-02-05 16:57:00,2026-03-04 11:41:06.39,Closed,Case Closed. Closed date : 2026-03-04 11:41:06.39 Case Resolved,Sign Repair,Signs & Signals,Sign Repair,South Boston,177 W Eighth St  South Boston  MA  02127,177 W Eighth St,42.333860359057134,-71.05252583079084
101006494064,2026-02-04 18:06:00,,Open,,Request for Pothole Repair,Highway Maintenance,Request for Pothole Repair,South Boston / South Boston Waterfront,INTERSECTION of Seaport Blvd &amp; Sleeper St  Boston  MA,INTERSECTION Seaport Blvd &amp; Sleeper St,42.35311439888516,-71.04842111246656
101006494633,2026-02-05 08:27:00,2026-03-17 15:46:07.597,Closed,Case Closed. Closed date : 2026-03-17 15:46:07.597 Case Noted Timings have been adjusted.,Traffic Signal Inspection,Signs & Signals,Traffic Signal Inspection,South Boston / South Boston Waterfront,INTERSECTION of New Cypher St &amp; D St  South Boston  MA,INTERSECTION New Cypher St &amp; D St,42.34133182504307,-71.04787320170927
101006496335,2026-02-06 07:08:00,2026-03-04 10:01:10.187,Closed,Case Closed. Closed date : 2026-03-04 10:01:10.187 Case Resolved,Sign Repair,Signs & Signals,Sign Repair,South Boston / South Boston Waterfront,53 W Seventh St  South Boston  MA  02127,53 W Seventh St,42.337062000004664,-71.05537600123286
101006496516,2026-02-06 08:36:10.367,2026-02-10 09:54:29.737,Closed,Case Closed. Closed date : Tue Feb 10 09:54:29 EST 2026 Resolved Patched,Request for Pothole Repair,Highway Maintenance,Request for Pothole Repair,South Boston,845 Summer St  South Boston  MA  02127,845 Summer St,42.33773342583514,-71.0356877124215
101006498975,2026-02-08 13:26:00,2026-02-11 19:22:30.81,Closed,Case Closed. Closed date : Wed Feb 11 19:22:30 EST 2026 Resolved This location was addressed,Request for Pothole Repair,Highway Maintenance,Request for Pothole Repair,South Boston / South Boston Waterfront,667 E Broadway  South Boston  MA  02127,667 E Broadway,42.33541999958354,-71.03786000101599
101006498000,2026-02-07 09:13:22.573,2026-02-07 14:53:56.72,Closed,Case Closed. Closed date : 2026-02-07 14:53:56.72 Duplicate of Existing Case 101006498258 DCR has been notified,Traffic Signal Inspection,Signs & Signals,Traffic Signal Inspection,South Boston / South Boston Waterfront,1662 Columbia Rd  South Boston  MA  02127,1662 Columbia Rd,42.32972999989604,-71.03535000132598
101006498023,2026-02-07 09:33:46.333,2026-02-24 12:02:54.84,Closed,Case Closed. Closed date : 2026-02-24 12:02:54.84 Case Resolved,Sign Repair,Signs & Signals,Sign Repair,South Boston / South Boston Waterfront,25 W Third St  South Boston  MA  02127,25 W Third St,42.34261999995093,-71.05486000124269
101006498256,2026-02-07 13:29:39.593,2026-02-07 14:36:20.76,Closed,Case Closed. Closed date : 2026-02-07 14:36:20.76 Case Noted eversource outage,Traffic Signal Inspection,Signs & Signals,Traffic Signal Inspection,South Boston / South Boston Waterfront,INTERSECTION of W Fifth St &amp; Dorchester Ave  South Boston  MA,INTERSECTION W Fifth St &amp; Dorchester Ave,42.340418646617046,-71.05705290267277
101006498258,2026-02-07 13:33:00,,Open,,Traffic Signal Inspection,Signs & Signals,Traffic Signal Inspection,South Boston / South Boston Waterfront,INTERSECTION of Columbia Rd &amp; L St  South Boston  MA,INTERSECTION Columbia Rd &amp; L St,42.329526902782916,-71.03520108986012
101006500680,2026-02-09 17:33:32,2026-02-10 09:54:04.477,Closed,Case Closed. Closed date : Tue Feb 10 09:54:04 EST 2026 Resolved Patched,Request for Pothole Repair,Highway Maintenance,Request for Pothole Repair,South Boston / South Boston Waterfront,841 Summer St  South Boston  MA  02127,841 Summer St,42.33781205020681,-71.03569195156479
101006500724,2026-02-09 18:03:00,2026-02-11 17:35:15.93,Closed,Case Closed. Closed date : 2026-02-11 17:35:15.93 Duplicate of Existing Case,Request for Pothole Repair,Highway Maintenance,Request for Pothole Repair,South Boston / South Boston Waterfront,INTERSECTION of A St &amp; Congress St  Boston  MA,INTERSECTION A St &amp; Congress St,42.35036087050705,-71.04846518209177
101006498274,2026-02-07 13:43:11.103,2026-02-07 13:46:14.827,Closed,Case Closed. Closed date : 2026-02-07 13:46:14.827 Case Invalid already addressed,Traffic Signal Inspection,Signs & Signals,Traffic Signal Inspection,South Boston / South Boston Waterfront,INTERSECTION of W Fifth St &amp; Dorchester Ave  South Boston  MA,INTERSECTION W Fifth St &amp; Dorchester Ave,42.340418646617046,-71.05705290267277
101006498275,2026-02-07 13:47:27.85,2026-02-07 14:36:38.72,Closed,Case Closed. Closed date : 2026-02-07 14:36:38.72 Case Noted eversource outage,Traffic Signal Inspection,Signs & Signals,Traffic Signal Inspection,South Boston / South Boston Waterfront,INTERSECTION of A St &amp; Dorchester Ave  South Boston  MA,INTERSECTION A St &amp; Dorchester Ave,42.34057942046094,-71.05704497134145
101006499457,2026-02-09 07:35:00,2026-02-09 08:23:15.987,Closed,Case Closed. Closed date : 2026-02-09 08:23:15.987 Case Resolved massbay on scene,Traffic Signal Inspection,Signs & Signals,Traffic Signal Inspection,South Boston / South Boston Waterfront,INTERSECTION of Congress St &amp; Dorchester Ave  Boston  MA,INTERSECTION Congress St &amp; Dorchester Ave,42.35232006535857,-71.05230206887632
101006499463,2026-02-09 07:37:00,2026-03-13 16:09:50.12,Closed,Case Closed. Closed date : 2026-03-13 16:09:50.12 Case Resolved Cut in street does not belong to BWSC. 3/12,Request for Pothole Repair,Highway Maintenance,Request for Pothole Repair,South Boston / South Boston Waterfront,INTERSECTION of A St &amp; Congress St  Boston  MA,INTERSECTION A St &amp; Congress St,42.35036087050705,-71.04846518209177
101006499609,2026-02-09 08:55:31.917,2026-02-09 10:03:13.207,Closed,Case Closed. Closed date : 2026-02-09 10:03:13.207 Duplicate of Existing Case Duplicate of 101006499463,Request for Pothole Repair,Highway Maintenance,Request for Pothole Repair,South Boston / South Boston Waterfront,INTERSECTION of A St &amp; Congress St  Boston  MA,INTERSECTION A St &amp; Congress St,42.35036087050705,-71.04846518209177
101006499651,2026-02-09 09:15:04.987,2026-02-09 09:32:39.04,Closed,Case Closed. Closed date : 2026-02-09 09:32:39.04 Case Resolved under contract mass bay notified,Traffic Signal Inspection,Signs & Signals,Traffic Signal Inspection,South Boston / South Boston Waterfront,INTERSECTION of Congress St &amp; Dorchester Ave  Boston  MA,INTERSECTION Congress St &amp; Dorchester Ave,42.35232006535857,-71.05230206887632
101006498457,2026-02-07 17:23:33.307,2026-02-08 07:04:43.27,Closed,Case Closed. Closed date : 2026-02-08 07:04:43.27 Case Noted eversorce outage,Traffic Signal Inspection,Signs & Signals,Traffic Signal Inspection,South Boston / South Boston Waterfront,INTERSECTION of A St &amp; Dorchester Ave  South Boston  MA,INTERSECTION A St &amp; Dorchester Ave,42.34057942046094,-71.05704497134145
101006498505,2026-02-07 18:37:00,2026-02-09 08:56:33.413,Closed,Case Closed. Closed date : 2026-02-09 08:56:33.413 Case Referred to External Agency This location is under the jurisdiction of the Massachusetts Department of Conservation and Recreation and not the City of Boston. Mass DCR has received this complaint from us and will forward it to the appropriate district to review. Thank you.,Traffic Signal Inspection,Signs & Signals,Traffic Signal Inspection,South Boston / South Boston Waterfront,1662 Columbia Rd  South Boston  MA  02127,1662 Columbia Rd,42.32973000000487,-71.0353500012327
101006498509,2026-02-07 18:40:29.873,2026-02-10 09:52:24.963,Closed,Case Closed. Closed date : Tue Feb 10 09:52:24 EST 2026 Resolved Patched,Request for Pothole Repair,Highway Maintenance,Request for Pothole Repair,South Boston / South Boston Waterfront,INTERSECTION of Summer St &amp; E First St  South Boston  MA,INTERSECTION Summer St &amp; E First St,42.338145420676156,-71.03549526930664
101006498560,2026-02-07 20:01:21.763,2026-08-01 08:48:07.913,Closed,Case Closed. Closed date : 2026-08-01 08:48:07.913 Case Noted Driveway signs are a discontinued practice and these times will not be installed for driveways.,Sign Repair,Signs & Signals,Sign Repair,South Boston / South Boston Waterfront,206 Dorchester St  South Boston  MA  02127,206 Dorchester St,42.33319999977173,-71.05008000134059
101006500162,2026-02-09 13:04:00,,Open,,Traffic Signal Inspection,Signs & Signals,Traffic Signal Inspection,South Boston / South Boston Waterfront,INTERSECTION of Summer St &amp; World Trade Center Ave  Boston  MA,INTERSECTION Summer St &amp; World Trade Center Ave,42.34704896425357,-71.0438630525318
101006501720,2026-02-10 12:43:00,,Open,,Request for Pothole Repair,Highway Maintenance,Request for Pothole Repair,South Boston / South Boston Waterfront,INTERSECTION of Summer St &amp; Dorchester Ave  Boston  MA,INTERSECTION Summer St &amp; Dorchester Ave,42.35146196959442,-71.05286195719874
101006498714,2026-02-08 08:59:42.89,2026-02-08 09:32:54.293,Closed,Case Closed. Closed date : Sun Feb 08 09:32:54 EST 2026 Noted Eversource outage,Traffic Signal Inspection,Signs & Signals,Traffic Signal Inspection,South Boston / South Boston Waterfront,INTERSECTION of A St &amp; Dorchester Ave  South Boston  MA,INTERSECTION A St &amp; Dorchester Ave,42.34057942046094,-71.05704497134145
101006503174,2026-02-11 11:17:00,,Open,,Request for Pothole Repair,Highway Maintenance,Request for Pothole Repair,South Boston,246-248 Dorchester Ave  South Boston  MA  02127,246-248 Dorchester Ave,42.339813328027056,-71.05697776887128
101006503206,2026-02-11 11:36:00,2026-02-11 17:37:18.19,Closed,Case Closed. Closed date : 2026-02-11 17:37:18.19 Duplicate of Existing Case,Request for Pothole Repair,Highway Maintenance,Request for Pothole Repair,South Boston / South Boston Waterfront,INTERSECTION of A St &amp; Congress St  Boston  MA,INTERSECTION A St &amp; Congress St,42.35036087050705,-71.04846518209177
101006500287,2026-02-09 14:11:28.76,2026-02-10 09:54:49.65,Closed,Case Closed. Closed date : Tue Feb 10 09:54:49 EST 2026 Resolved Patched,Request for Pothole Repair,Highway Maintenance,Request for Pothole Repair,South Boston / South Boston Waterfront,853 Summer St  South Boston  MA  02127,853 Summer St,42.337472522602454,-71.03567036270516
101006500343,2026-02-09 14:57:13.727,2026-02-10 09:55:09.577,Closed,Case Closed. Closed date : Tue Feb 10 09:55:09 EST 2026 Resolved Patched,Request for Pothole Repair,Highway Maintenance,Request for Pothole Repair,South Boston / South Boston Waterfront,853 Summer St  South Boston  MA  02127,853 Summer St,42.337472522602454,-71.03567036270516
101006503242,2026-02-11 11:57:00,2026-03-03 12:59:32.487,Closed,Case Closed. Closed date : 2026-03-03 12:59:32.487 Case Resolved,Sign Repair,Signs & Signals,Sign Repair,South Boston,181 Dorchester St  South Boston  MA  02127,181 Dorchester St,42.33412125119739,-71.04932540584257
101006710915,2026-06-28 06:28:18.137,,Open,,Sign Repair,Signs & Signals,Sign Repair,South Boston / South Boston Waterfront,INTERSECTION of I St &amp; E First St  South Boston  MA,INTERSECTION I St &amp; E First St,42.33807209171494,-71.0399843985104
101006506881,2026-02-14 10:10:55.333,2026-03-03 12:59:50.46,Closed,Case Closed. Closed date : 2026-03-03 12:59:50.46 Case Resolved,Sign Repair,Signs & Signals,Sign Repair,South Boston / South Boston Waterfront,INTERSECTION of Tudor St &amp; Dorchester St  South Boston  MA,INTERSECTION Tudor St &amp; Dorchester St,42.333814433639695,-71.04929279222931
101006504761,2026-02-12 12:35:22.81,2026-02-13 08:08:15.283,Closed,Case Closed. Closed date : Fri Feb 13 08:08:15 EST 2026 Resolved Sorry for the inconvenience caused  National grid has been notified of your complaint; it’s also been added to our list of bad castings for repairs.,Request for Pothole Repair,Highway Maintenance,Request for Pothole Repair,Downtown / Financial District,INTERSECTION of Purchase St &amp; Congress St  Boston  MA,INTERSECTION Purchase St &amp; Congress St,42.354157463188834,-71.05412594980007
101006508469,2026-02-16 10:18:25.84,2026-02-24 12:11:56.347,Closed,Case Closed. Closed date : 2026-02-24 12:11:56.347 Case Resolved,Sign Repair,Signs & Signals,Sign Repair,South Boston / South Boston Waterfront,INTERSECTION of W Seventh St &amp; Dorchester St  South Boston  MA,INTERSECTION W Seventh St &amp; Dorchester St,42.33359485530151,-71.04977031125819
101006507006,2026-02-14 11:47:26.287,2026-02-24 07:11:55.66,Closed,Case Closed. Closed date : 2026-02-24 07:11:55.66 Case Resolved,Sign Repair,Signs & Signals,Sign Repair,South Boston / South Boston Waterfront,INTERSECTION of W Fourth St &amp; E St  South Boston  MA,INTERSECTION W Fourth St &amp; E St,42.33710043431511,-71.05011638366699
101006507100,2026-02-14 12:56:39.46,2026-02-24 07:12:21.93,Closed,Case Closed. Closed date : 2026-02-24 07:12:21.93 Case Resolved,Sign Repair,Signs & Signals,Sign Repair,South Boston / South Boston Waterfront,INTERSECTION of W Fourth St &amp; E St  South Boston  MA,INTERSECTION W Fourth St &amp; E St,42.33710043431511,-71.05011638366699
101006510731,2026-02-18 10:06:00,2026-06-27 20:22:02.903,Closed,Case Closed. Closed date : 2026-06-27 20:22:02.903 Case Resolved,Sign Repair,Signs & Signals,Sign Repair,Boston,5-7 Fid Kennedy Ave  Boston  MA  02210,5-7 Fid Kennedy Ave,42.34693726705211,-71.03272295467922
101006510873,2026-02-18 11:47:00,2026-05-07 14:50:03.523,Closed,Case Closed. Closed date : 2026-05-07 14:50:03.523 Case Resolved Street is being paved 5/5,Request for Pothole Repair,Highway Maintenance,Request for Pothole Repair,Boston,125 Purchase St  Boston  MA  02110,125 Purchase St,42.35491899995832,-71.0533740012491
101006513330,2026-02-20 12:51:00,,Open,,Request for Pothole Repair,Highway Maintenance,Request for Pothole Repair,South Boston / South Boston Waterfront,426 E First St  South Boston  MA  02127,426 E First St,42.33813999996043,-71.04262000100125
101006514093,2026-02-21 12:23:00,2026-04-20 11:50:24.13,Closed,Case Closed. Closed date : 2026-04-20 11:50:24.13 Case Resolved,Sign Repair,Signs & Signals,Sign Repair,South Boston / South Boston Waterfront,INTERSECTION of C St &amp; W First St  South Boston  MA,INTERSECTION C St &amp; W First St,42.34169606767729,-71.05013734463793
101006522809,2026-02-25 12:56:00,,Open,,Request for Pothole Repair,Highway Maintenance,Request for Pothole Repair,Downtown / Financial District,INTERSECTION of Summer St &amp; Purchase St  Boston  MA,INTERSECTION Summer St &amp; Purchase St,42.352885071003776,-71.05633691286613
101006546850,2026-02-26 22:16:00,,Open,,Sign Repair,Signs & Signals,Sign Repair,Boston,51 Sleeper St  Boston  MA  02210,51 Sleeper St,42.352548763552036,-71.04852681618028
101006544257,2026-02-25 22:23:00,,Open,,Request for Pothole Repair,Highway Maintenance,Request for Pothole Repair,South Boston / South Boston Waterfront,INTERSECTION of Dorchester Ave &amp; Massport Haul Rd  South Boston  MA,INTERSECTION Dorchester Ave &amp; Massport Haul Rd,42.339034152858865,-71.05717100506457
101006549035,2026-02-27 22:48:12.02,,Open,,Request for Pothole Repair,Highway Maintenance,Request for Pothole Repair,South Boston / South Boston Waterfront,INTERSECTION of E First St &amp; Pappas Way  South Boston  MA,INTERSECTION E First St &amp; Pappas Way,42.33799766445548,-71.04403300617795
101006547706,2026-02-27 10:48:27.69,2026-02-27 10:54:40.973,Closed,Case Closed. Closed date : 2026-02-27 10:54:40.973 Case Resolved,Traffic Signal Inspection,Signs & Signals,Traffic Signal Inspection,South Boston,775 Summer St  South Boston  MA  02127,775 Summer St,42.34079686373874,-71.03651061055582
101006545297,2026-02-26 10:52:00,,Open,,Request for Pothole Repair,Highway Maintenance,Request for Pothole Repair,South Boston / South Boston Waterfront,771-779 Summer St  South Boston  MA  02127,771-779 Summer St,42.340816000107836,-71.03658800083714
101006549545,2026-02-28 10:56:28.27,2026-02-28 10:57:29.553,Closed,Case Closed. Closed date : 2026-02-28 10:57:29.553 Duplicate of Existing Case #6549548,Request for Pothole Repair,Highway Maintenance,Request for Pothole Repair,Boston,56 Chauncy St  Boston  MA  02111,56 Chauncy St,42.35380000000139,-71.05977000127896
101006549548,2026-02-28 10:56:00,,Open,,Request for Pothole Repair,Highway Maintenance,Request for Pothole Repair,Boston,56 Chauncy St  Boston  MA  02111,56 Chauncy St,42.35380000000139,-71.05977000127896
101006550502,2026-02-28 23:44:00,,Open,,Request for Pothole Repair,Highway Maintenance,Request for Pothole Repair,South Boston / South Boston Waterfront,372 Athens St  South Boston  MA  02127,372 Athens St,42.3365199999276,-71.04601000078658
101006550562,2026-03-01 06:24:03.93,2026-03-02 09:56:57.27,Closed,Case Closed. Closed date : Mon Mar 02 09:56:57 EST 2026 Resolved,Request for Pothole Repair,Highway Maintenance,Request for Pothole Repair,Downtown / Financial District,INTERSECTION of Franklin St &amp; Arch St  Boston  MA,INTERSECTION Franklin St &amp; Arch St,42.35543813031697,-71.05803531708136
101006550574,2026-03-01 06:52:00,,Open,,Request for Pothole Repair,Highway Maintenance,Request for Pothole Repair,Downtown / Financial District,49 Federal St  Boston  MA  02110,49 Federal St,42.35588999978361,-71.05684000126729
101006550577,2026-03-01 06:53:00,,Open,,Request for Pothole Repair,Highway Maintenance,Request for Pothole Repair,Downtown / Financial District,49 Federal St  Boston  MA  02110,49 Federal St,42.35588999978361,-71.05684000126729
101006550593,2026-03-01 07:25:00,2026-03-03 09:35:44.64,Closed,Case Closed. Closed date : 2026-03-03 09:35:44.64 Resubmitted as BCS-00170156,Request for Pothole Repair,Highway Maintenance,Request for Pothole Repair,South Boston / South Boston Waterfront,289 E St  South Boston  MA  02127,289 E St,42.33666999964752,-71.05041000126407
101006551171,2026-03-01 16:21:00,2026-03-03 09:36:07.667,Closed,Case Closed. Closed date : 2026-03-03 09:36:07.667 Resubmitted as BCS-00170156,Request for Pothole Repair,Highway Maintenance,Request for Pothole Repair,South Boston / South Boston Waterfront,291-293 E St  South Boston  MA  02127,291-293 E St,42.33674000017624,-71.05027000110572
101006551180,2026-03-01 16:30:00,2026-03-04 16:48:59.813,Closed,Case Closed. Closed date : 2026-03-04 16:48:59.813 Case Resolved PATCHED POTHOLE. 3/2,Request for Pothole Repair,Highway Maintenance,Request for Pothole Repair,South Boston / South Boston Waterfront,INTERSECTION of Dresser St &amp; F St  South Boston  MA,INTERSECTION Dresser St &amp; F St,42.33843762956317,-71.0458570172055
101006551209,2026-03-01 16:57:00,2026-03-03 13:28:36.663,Closed,Case Closed. Closed date : 2026-03-03 13:28:36.663 Case Noted There was a communication issue that affected traffic signal coordination  but it has since been resolved. Traffic flow should now be significantly improved.,Traffic Signal Inspection,Signs & Signals,Traffic Signal Inspection,Downtown / Financial District,INTERSECTION of Pearl St &amp; Purchase St  Boston  MA,INTERSECTION Pearl St &amp; Purchase St,42.354525479380634,-71.05335663319455
101006551346,2026-03-01 20:02:00,,Open,,Request for Pothole Repair,Highway Maintenance,Request for Pothole Repair,South Boston / South Boston Waterfront,281 E St  South Boston  MA  02127,281 E St,42.33649000034337,-71.05064000107433
101006551585,2026-03-02 08:04:00,,Open,,Request for Pothole Repair,Highway Maintenance,Request for Pothole Repair,Downtown / Financial District,55-93 Purchase St  Boston  MA  02110,55-93 Purchase St,42.35569799993424,-71.05217700087879
101006552828,2026-03-02 20:44:07.607,,Open,,Request for Pothole Repair,Highway Maintenance,Request for Pothole Repair,South Boston / South Boston Waterfront,245 L St  South Boston  MA  02127,245 L St,42.33019000041604,-71.03541000139369
101006553252,2026-03-03 09:25:00,,Open,,Request for Pothole Repair,Highway Maintenance,Request for Pothole Repair,South Boston / South Boston Waterfront,INTERSECTION of Dorchester Ave &amp; Massport Haul Rd  South Boston  MA,INTERSECTION Dorchester Ave &amp; Massport Haul Rd,42.339034152858865,-71.05717100506457
101006553271,2026-03-03 09:29:41.577,2026-03-04 09:52:36.103,Closed,Case Closed. Closed date : Wed Mar 04 09:52:36 EST 2026 Resolved,Request for Pothole Repair,Highway Maintenance,Request for Pothole Repair,Downtown / Financial District,INTERSECTION of Franklin St &amp; Arch St  Boston  MA,INTERSECTION Franklin St &amp; Arch St,42.35543813031697,-71.05803531708136
101006554047,2026-03-03 16:10:00,2026-03-04 09:45:47.41,Closed,Case Closed. Closed date : 2026-03-04 09:45:47.41 Case Referred to External Agency This location is under the jurisdiction of the Massachusetts Department of Transportation and not the City of Boston. MassDOT has received this complaint and will forward it to the appropriate district to review.  Thank you.,Request for Pothole Repair,Highway Maintenance,Request for Pothole Repair,South Boston / South Boston Waterfront,INTERSECTION of Massport Haul Rd &amp; Massachusetts Tpke W  Boston  MA,INTERSECTION Massport Haul Rd &amp; Massachusetts Tpke W,42.34819526250908,-71.04381594569945
101006552730,2026-03-02 18:23:53.077,,Open,,Request for Pothole Repair,Highway Maintenance,Request for Pothole Repair,South Boston / South Boston Waterfront,119-121 W Third St  South Boston  MA  02127,119-121 W Third St,42.340909999944074,-71.0522400010845
101006554305,2026-03-03 21:13:00,2026-03-04 06:33:44.06,Closed,Case Closed. Closed date : 2026-03-04 06:33:44.06 Case Resolved,Traffic Signal Inspection,Signs & Signals,Traffic Signal Inspection,Downtown / Financial District,INTERSECTION of Beach St &amp; John F. Fitzgerald Surface Rd  Boston  MA,INTERSECTION Beach St &amp; John F. Fitzgerald Surface Rd,42.35108380497596,-71.05939495915273
101006553814,2026-03-03 14:21:00,,Open,,Request for Pothole Repair,Highway Maintenance,Request for Pothole Repair,South Boston / South Boston Waterfront,INTERSECTION of Seaport Blvd &amp; Sleeper St  Boston  MA,INTERSECTION Seaport Blvd &amp; Sleeper St,42.35311439888516,-71.04842111246656
101006553871,2026-03-03 14:44:00,,Open,,Request for Pothole Repair,Highway Maintenance,Request for Pothole Repair,Downtown / Financial District,INTERSECTION of Franklin St &amp; Arch St  Boston  MA,INTERSECTION Franklin St &amp; Arch St,42.35543813031697,-71.05803531708136
101006554472,2026-03-04 06:29:42.843,2026-03-05 09:55:19.757,Closed,Case Closed. Closed date : Thu Mar 05 09:55:19 EST 2026 Resolved Multiple potholes patched at said location,Request for Pothole Repair,Highway Maintenance,Request for Pothole Repair,South Boston / South Boston Waterfront,627 Dorchester Ave  South Boston  MA  02127,627 Dorchester Ave,42.32843999983053,-71.05711000126918
101006554794,2026-03-04 09:14:04.95,2026-03-06 20:29:58.343,Closed,Case Closed. Closed date : Fri Mar 06 20:29:58 EST 2026 Resolved This location was addressed,Request for Pothole Repair,Highway Maintenance,Request for Pothole Repair,South Boston / South Boston Waterfront,538 E Sixth St  South Boston  MA  02127,538 E Sixth St,42.33321999979448,-71.038910000854
101006556335,2026-03-05 07:49:16.39,2026-03-05 10:18:50.28,Closed,Case Closed. Closed date : Thu Mar 05 10:18:50 EST 2026 Resolved Patch,Request for Pothole Repair,Highway Maintenance,Request for Pothole Repair,South Boston / South Boston Waterfront,INTERSECTION of Melcher St &amp; Necco St  Boston  MA,INTERSECTION Melcher St &amp; Necco St,42.349755359352905,-71.05045460575629
101006557879,2026-03-06 08:21:03.913,2026-03-14 13:44:44.533,Closed,Case Closed. Closed date : Sat Mar 14 13:44:44 EDT 2026 Noted,Request for Pothole Repair,Highway Maintenance,Request for Pothole Repair,Downtown / Financial District,INTERSECTION of Oliver St &amp; Seaport Blvd  Boston  MA,INTERSECTION Oliver St &amp; Seaport Blvd,42.35475830085225,-71.05141405296462
101006557881,2026-03-06 08:21:00,2026-03-06 08:37:06.047,Closed,Case Closed. Closed date : 2026-03-06 08:37:06.047 Case Noted No traffic lights at stated location,Traffic Signal Inspection,Signs & Signals,Traffic Signal Inspection,South Boston / South Boston Waterfront,INTERSECTION of Summer St &amp; A St  Boston  MA,INTERSECTION Summer St &amp; A St,42.349625789927295,-71.04904072773515
101006557976,2026-03-06 08:57:22.023,2026-03-06 09:32:46.987,Closed,Case Closed. Closed date : Fri Mar 06 09:32:46 EST 2026 Noted Nothing found at said location need picture with context please,Request for Pothole Repair,Highway Maintenance,Request for Pothole Repair,Downtown / Financial District,INTERSECTION of Pearl St &amp; High St  Boston  MA,INTERSECTION Pearl St &amp; High St,42.355239615870474,-71.05402471981694
101006555953,2026-03-04 18:56:08.49,2026-06-07 08:53:41.457,Closed,Case Closed. Closed date : 2026-06-07 08:53:41.457 Case Noted Tried contacting the person who left number nothing found at this location need more information,Sign Repair,Signs & Signals,Sign Repair,Downtown / Financial District,105 Kingston St  Boston  MA  02111,105 Kingston St,42.352419999902025,-71.05956000124613
101006558048,2026-03-06 09:39:23.837,2026-05-23 15:55:34.633,Closed,Case Closed. Closed date : 2026-05-23 15:55:34.633 Case Resolved,Sign Repair,Signs & Signals,Sign Repair,South Boston / South Boston Waterfront,685 E Second St  South Boston  MA  02127,685 E Second St,42.33718958444553,-71.03572859236917
101006558434,2026-03-06 13:58:08.847,2026-03-09 09:39:30.467,Closed,Case Closed. Closed date : Mon Mar 09 09:39:30 EDT 2026 Noted This case has been sent out to Utility company  apologies for the inconveniences this has caused  your patience and cooperation is greatly appreciated  thank you,Request for Pothole Repair,Highway Maintenance,Request for Pothole Repair,South Boston / South Boston Waterfront,INTERSECTION of Dorchester Ave &amp; Massport Haul Rd  South Boston  MA,INTERSECTION Dorchester Ave &amp; Massport Haul Rd,42.339034152858865,-71.05717100506457
101006556216,2026-03-05 06:42:08.01,2026-03-05 09:19:25.567,Closed,Case Closed. Closed date : Thu Mar 05 09:19:25 EST 2026 Resolved Patch,Pothole,Highway Maintenance,Request for Pothole Repair,South Boston / South Boston Waterfront,16A Marine Rd  South Boston  MA  02127,16A Marine Rd,42.330779999790245,-71.03880000126053
101006559148,2026-03-07 08:01:00,,Open,,Request for Pothole Repair,Highway Maintenance,Request for Pothole Repair,South Boston / South Boston Waterfront,176 Gold St  South Boston  MA  02127,176 Gold St,42.33736600025449,-71.05124600112984
101006559162,2026-03-07 08:13:00,2026-03-09 10:56:25.533,Closed,Case Closed. Closed date : 2026-03-09 10:56:25.533 Case Noted This has been repaired.,Traffic Signal Inspection,Signs & Signals,Traffic Signal Inspection,South Boston / South Boston Waterfront,INTERSECTION of Congress St &amp; Dorchester Ave  Boston  MA,INTERSECTION Congress St &amp; Dorchester Ave,42.35232006535857,-71.05230206887632
101006556622,2026-03-05 09:43:53.41,2026-03-05 10:03:05.677,Closed,Case Closed. Closed date : Thu Mar 05 10:03:05 EST 2026 Resolved Multiple potholes patched at said location,Request for Pothole Repair,Highway Maintenance,Request for Pothole Repair,South Boston,664 Dorchester Ave  South Boston  MA  02127,664 Dorchester Ave,42.32749173476302,-71.05671463598652
101006559231,2026-03-07 09:01:57.343,2026-03-10 08:38:33.097,Closed,Case Closed. Closed date : Tue Mar 10 08:38:33 EDT 2026 Resolved Patch,Request for Pothole Repair,Highway Maintenance,Request for Pothole Repair,South Boston / South Boston Waterfront,INTERSECTION of Baxter St &amp; D St  South Boston  MA,INTERSECTION Baxter St &amp; D St,42.3358810955552,-71.05430945887184
101006558610,2026-03-06 15:34:13.687,2026-03-06 18:50:05.177,Closed,Case Closed. Closed date : 2026-03-06 18:50:05.177 Case Resolved,Traffic Signal Inspection,Signs & Signals,Traffic Signal Inspection,South Boston / South Boston Waterfront,755 E Broadway  South Boston  MA  02127,755 E Broadway,42.3354599999077,-71.03521000124894
101006559269,2026-03-07 09:25:00,,Open,,Traffic Signal Inspection,Signs & Signals,Traffic Signal Inspection,South Boston / South Boston Waterfront,INTERSECTION of Congress St &amp; Dorchester Ave  Boston  MA,INTERSECTION Congress St &amp; Dorchester Ave,42.35232006535857,-71.05230206887632
101006558734,2026-03-06 16:43:00,,Open,,Request for Pothole Repair,Highway Maintenance,Request for Pothole Repair,Downtown / Financial District,INTERSECTION of Oliver St &amp; Seaport Blvd  Boston  MA,INTERSECTION Oliver St &amp; Seaport Blvd,42.35475830085225,-71.05141405296462
101006559888,2026-03-07 17:34:00,,Open,,Request for Pothole Repair,Highway Maintenance,Request for Pothole Repair,Downtown / Financial District,INTERSECTION of Edinboro St &amp; Essex St  Boston  MA,INTERSECTION Edinboro St &amp; Essex St,42.35254610355074,-71.05981710690106
101006561421,2026-03-09 07:38:10.52,2026-03-09 08:05:06.037,Closed,Case Closed. Closed date : 2026-03-09 08:05:06.037 Case Noted Could not Identify damaged equipment base on information given,Traffic Signal Inspection,Signs & Signals,Traffic Signal Inspection,Downtown / Financial District,245 Summer St  Boston  MA  02111,245 Summer St,42.3513950003308,-71.05385200164805
101006561439,2026-03-09 07:50:00,2026-03-09 11:29:59.3,Closed,Case Closed. Closed date : 2026-03-09 11:29:59.3 Case Referred to External Agency This location is under the jurisdiction of the Massachusetts Department of Transportation and not the City of Boston. MassDOT has received this complaint and will forward it to the appropriate district to review.  Thank you.,Request for Pothole Repair,Highway Maintenance,Request for Pothole Repair,South Boston / South Boston Waterfront,INTERSECTION of W Service Rd &amp; Massachusetts Tpke E  Boston  MA,INTERSECTION W Service Rd &amp; Massachusetts Tpke E,42.34815303354581,-71.04827207512649
101006560136,2026-03-08 07:40:00,2026-03-08 10:53:25.55,Closed,Case Closed. Closed date : 2026-03-08 10:53:25.55 Case Invalid There are multiple intersections at this address. please resubmit with a specific intersection,Traffic Signal Inspection,Signs & Signals,Traffic Signal Inspection,Boston,415 Summer St  Boston  MA  02210,415 Summer St,42.346122480701126,-71.04559969729453
101006560156,2026-03-08 08:21:31.47,2026-03-08 10:46:35.303,Closed,Case Closed. Closed date : 2026-03-08 10:46:35.303 Case Invalid no eform,Traffic Signal Inspection,Signs & Signals,Traffic Signal Inspection,South Boston / South Boston Waterfront,INTERSECTION of Summer St &amp; World Trade Center Ave  Boston  MA,INTERSECTION Summer St &amp; World Trade Center Ave,42.34715722922697,-71.04376187418758
101006560668,2026-03-08 13:52:00,,Open,,Request for Pothole Repair,Highway Maintenance,Request for Pothole Repair,South Boston / South Boston Waterfront,77-79A Dorchester St  South Boston  MA  02127,77-79A Dorchester St,42.33581526285903,-71.04534933098405
101006561550,2026-03-09 08:30:00,2026-05-30 15:30:55.193,Closed,Case Closed. Closed date : 2026-05-30 15:30:55.193 Case Resolved,Sign Repair,Signs & Signals,Sign Repair,South Boston / South Boston Waterfront,9 Hatch St  South Boston  MA  02127,9 Hatch St,42.3309700003985,-71.03618000091527
101006561582,2026-03-09 08:43:00,,Open,,Request for Pothole Repair,Highway Maintenance,Request for Pothole Repair,South Boston / South Boston Waterfront,INTERSECTION of E First St &amp; Pappas Way  South Boston  MA,INTERSECTION E First St &amp; Pappas Way,42.33799766445548,-71.04403300617795
101006560837,2026-03-08 15:34:00,,Open,,Request for Pothole Repair,Highway Maintenance,Request for Pothole Repair,South Boston / South Boston Waterfront,2 Joyce Hayes Way  South Boston  MA  02127,2 Joyce Hayes Way,42.33759159817363,-71.05565731652273
101006560910,2026-03-08 16:16:00,2026-03-23 17:07:59.037,Closed,Case Closed. Closed date : 2026-03-23 17:07:59.037 Case Resolved CONTRACTOR ON SITE WORKING. PATCHED OVER 14X16. THEY ARE PLANNING ON REPLACING FRAME AND COVER AFTER THE WORK IS DONE. 3/9,Request for Pothole Repair,Highway Maintenance,Request for Pothole Repair,South Boston / South Boston Waterfront,225 E St  South Boston  MA  02127,225 E St,42.33526999986344,-71.05203000129683
101006561003,2026-03-08 17:15:49.793,,Open,,Request for Pothole Repair,Highway Maintenance,Request for Pothole Repair,South Boston / South Boston Waterfront,INTERSECTION of M St &amp; E Seventh St  South Boston  MA,INTERSECTION M St &amp; E Seventh St,42.33233801783887,-71.03324858834118
101006561071,2026-03-08 18:05:00,,Open,,Request for Pothole Repair,Highway Maintenance,Request for Pothole Repair,South Boston,33 Old Harbor St  South Boston  MA  02127,33 Old Harbor St,42.33366592081315,-71.04763751732406
101006562924,2026-03-09 18:44:32.967,,Open,,Request for Pothole Repair,Highway Maintenance,Request for Pothole Repair,South Boston / South Boston Waterfront,INTERSECTION of E First St &amp; Pappas Way  South Boston  MA,INTERSECTION E First St &amp; Pappas Way,42.33799766445548,-71.04403300617795
101006563000,2026-03-09 19:43:15.96,2026-03-19 10:14:01.197,Closed,Case Closed. Closed date : Thu Mar 19 10:14:01 EDT 2026 Resolved,Request for Pothole Repair,Highway Maintenance,Request for Pothole Repair,Downtown / Financial District,201 Devonshire St  Boston  MA  02110,201 Devonshire St,42.35567299968109,-71.05749300131265
101006563002,2026-03-09 19:44:28.553,2026-03-20 11:14:08.197,Closed,Case Closed. Closed date : Fri Mar 20 11:14:08 EDT 2026 Resolved,Request for Pothole Repair,Highway Maintenance,Request for Pothole Repair,Downtown / Financial District,90-114 Arch St  Boston  MA  02110,90-114 Arch St,42.354732421779296,-71.05836826271636
101006563003,2026-03-09 19:45:00,,Open,,Request for Pothole Repair,Highway Maintenance,Request for Pothole Repair,Downtown / Financial District,INTERSECTION of Devonshire St &amp; Franklin St  Boston  MA,INTERSECTION Devonshire St &amp; Franklin St,42.35544799077809,-71.0573171288656
101006565561,2026-03-11 11:15:18.65,2026-03-11 11:31:48.437,Closed,Case Closed. Closed date : Wed Mar 11 11:31:48 EDT 2026 Noted Nothing found at said intersection  needs better location and picture with your request,Request for Pothole Repair,Highway Maintenance,Request for Pothole Repair,South Boston / South Boston Waterfront,INTERSECTION of Vinton St &amp; Middle St  South Boston  MA,INTERSECTION Vinton St &amp; Middle St,42.33078650673011,-71.05441131371438
101006569264,2026-03-14 10:39:00,,Open,,Traffic Signal Inspection,Signs & Signals,Traffic Signal Inspection,South Boston / South Boston Waterfront,INTERSECTION of P St &amp; William J Day Blvd  South Boston  MA,INTERSECTION P St &amp; William J Day Blvd,42.33242420710702,-71.0270107870536
101006566943,2026-03-12 11:11:07.953,,Open,,Requests for Traffic Signal Studies or Reviews,Traffic Management & Engineering,Requests for Traffic Signal Studies or Reviews,Downtown / Financial District,INTERSECTION of Oliver St &amp; Seaport Blvd  Boston  MA,INTERSECTION Oliver St &amp; Seaport Blvd,42.35475830085225,-71.05141405296462
101006563925,2026-03-10 12:26:00,,Open,,Sign Repair,Signs & Signals,Sign Repair,South Boston / South Boston Waterfront,54 W Seventh St  South Boston  MA  02127,54 W Seventh St,42.337110000004664,-71.05490000123287
101006567076,2026-03-12 12:27:00,,Open,,Traffic Signal Inspection,Signs & Signals,Traffic Signal Inspection,South Boston / South Boston Waterfront,INTERSECTION of Claflin St &amp; D St  Boston  MA,INTERSECTION Claflin St &amp; D St,42.34355008995987,-71.045212015756
101006568146,2026-03-13 10:44:09.56,2026-03-19 10:13:44.533,Closed,Case Closed. Closed date : Thu Mar 19 10:13:44 EDT 2026 Resolved,Request for Pothole Repair,Highway Maintenance,Request for Pothole Repair,Downtown / Financial District,INTERSECTION of Otis St &amp; Devonshire St  Boston  MA,INTERSECTION Otis St &amp; Devonshire St,42.35509582748131,-71.05750605890636
101006568202,2026-03-13 11:32:00,2026-03-13 12:29:07.647,Closed,Case Closed. Closed date : 2026-03-13 12:29:07.647 Case Referred to External Agency This location is under the jurisdiction of the Massachusetts Department of Transportation and not the City of Boston. MassDOT has received this complaint and will forward it to the appropriate district to review.  Thank you.,Request for Pothole Repair,Highway Maintenance,Request for Pothole Repair,Downtown / Financial District,INTERSECTION of Frontage Rd &amp; Massachusetts Tpke W  Boston  MA,INTERSECTION Frontage Rd &amp; Massachusetts Tpke W,42.346463822636686,-71.05860257626213
101006571842,2026-03-16 22:04:15.13,2026-03-17 11:06:56.513,Closed,Case Closed. Closed date : 2026-03-17 11:06:56.513 Case Resolved,Traffic Signal Inspection,Signs & Signals,Traffic Signal Inspection,South Boston / South Boston Waterfront,INTERSECTION of Melcher St &amp; A St  Boston  MA,INTERSECTION Melcher St &amp; A St,42.349073203390844,-71.04947985998753
101006571850,2026-03-16 22:17:33.287,2026-03-17 07:42:58.997,Closed,Case Closed. Closed date : 2026-03-17 07:42:58.997 Case Resolved,Traffic Signal Inspection,Signs & Signals,Traffic Signal Inspection,South Boston / South Boston Waterfront,INTERSECTION of Summer St &amp; E First St  South Boston  MA,INTERSECTION Summer St &amp; E First St,42.338145420676156,-71.03549526930664
101006571862,2026-03-16 22:47:27.077,2026-03-17 07:48:42.453,Closed,Case Closed. Closed date : 2026-03-17 07:48:42.453 Duplicate of Existing Case,Traffic Signal Inspection,Signs & Signals,Traffic Signal Inspection,Boston,324 A St  Boston  MA  02210,324 A St,42.3492746317725,-71.04952067485011
101006572457,2026-03-17 10:01:34.49,2026-03-17 10:38:33.937,Closed,Case Closed. Closed date : 2026-03-17 10:38:33.937 Case Resolved,Traffic Signal Inspection,Signs & Signals,Traffic Signal Inspection,Downtown / Financial District,INTERSECTION of Summer St &amp; Lincoln St  Boston  MA,INTERSECTION Summer St &amp; Lincoln St,42.35339005374915,-71.05756571457528
101006572529,2026-03-17 10:34:32.153,,Open,,Sign Repair,Signs & Signals,Sign Repair,South Boston / South Boston Waterfront,185 H St  South Boston  MA  02127,185 H St,42.331559999716504,-71.04158000162384
101006572655,2026-03-17 11:53:00,,Open,,Request for Pothole Repair,Highway Maintenance,Request for Pothole Repair,South Boston / South Boston Waterfront,INTERSECTION of A St &amp; Congress St  Boston  MA,INTERSECTION A St &amp; Congress St,42.35036087050705,-71.04846518209177
101006572656,2026-03-17 11:54:48.003,2026-03-17 19:14:13.42,Closed,Case Closed. Closed date : Tue Mar 17 19:14:13 EDT 2026 Resolved All set,Request for Pothole Repair,Highway Maintenance,Request for Pothole Repair,South Boston / South Boston Waterfront,INTERSECTION of A St &amp; Congress St  Boston  MA,INTERSECTION A St &amp; Congress St,42.35036087050705,-71.04846518209177
101006572718,2026-03-17 12:46:17.9,2026-04-25 11:03:48.843,Closed,Case Closed. Closed date : 2026-04-25 11:03:48.843 Case Resolved,Sign Repair,Signs & Signals,Sign Repair,South Boston / South Boston Waterfront,71-75 Foundry St  South Boston  MA  02127,71-75 Foundry St,42.3431964305995,-71.05860712517378
101006573828,2026-03-18 10:20:00,,Open,,Sign Repair,Signs & Signals,Sign Repair,South Boston / South Boston Waterfront,553 E Sixth St  South Boston  MA  02127,553 E Sixth St,42.33290999989362,-71.03852000086266
101006573900,2026-03-18 10:59:45.227,2026-03-19 09:55:10.937,Closed,Case Closed. Closed date : Thu Mar 19 09:55:10 EDT 2026 Resolved Patch,Request for Pothole Repair,Highway Maintenance,Request for Pothole Repair,South Boston / South Boston Waterfront,INTERSECTION of L St &amp; Marine Rd  South Boston  MA,INTERSECTION L St &amp; Marine Rd,42.33065568654251,-71.0352333332377
101006573934,2026-03-18 11:21:00,2026-06-27 20:22:27.62,Closed,Case Closed. Closed date : 2026-06-27 20:22:27.62 Case Resolved,Sign Repair,Signs & Signals,Sign Repair,Boston,7 Fid Kennedy Ave  Boston  MA  02210,7 Fid Kennedy Ave,42.34682542891953,-71.03259381684067
101006573938,2026-03-18 11:24:45.523,2026-03-19 09:55:15.78,Closed,Case Closed. Closed date : Thu Mar 19 09:55:15 EDT 2026 Resolved Patch,Request for Pothole Repair,Highway Maintenance,Request for Pothole Repair,South Boston / South Boston Waterfront,247 L St  South Boston  MA  02127,247 L St,42.33007999984202,-71.03543000141639
101006575186,2026-03-19 11:43:09.657,2026-06-13 19:35:15.03,Closed,Case Closed. Closed date : 2026-06-13 19:35:15.03 Case Resolved,Sign Repair,Signs & Signals,Sign Repair,Boston,437 D St  Boston  MA  02210,437 D St,42.34516000000474,-71.04299000123302
101006575227,2026-03-19 12:02:00,,Open,,Request for Pothole Repair,Highway Maintenance,Request for Pothole Repair,Downtown / Financial District,185 Devonshire St  Boston  MA  02110,185 Devonshire St,42.35593999976931,-71.05750000126487
101006578759,2026-03-23 10:17:00,2026-03-24 09:10:51.63,Closed,Case Closed. Closed date : 2026-03-24 09:10:51.63 Case Referred to External Agency This location is under the jurisdiction of the Massport  and not the City of Boston. Massport has received this complaint from us and will forward it to the appropriate district to review. Thank you.,Request for Pothole Repair,Highway Maintenance,Request for Pothole Repair,South Boston / South Boston Waterfront,INTERSECTION of E Service Rd &amp; Congress St  Boston  MA,INTERSECTION E Service Rd &amp; Congress St,42.34928655655149,-71.04484597582788
101006577291,2026-03-21 10:30:00,,Open,,Request for Pothole Repair,Highway Maintenance,Request for Pothole Repair,South Boston,357-363 Silver St  South Boston  MA  02127,357-363 Silver St,42.33490899245732,-71.04546164259159
101006576327,2026-03-20 10:41:00,,Open,,Sign Repair,Signs & Signals,Sign Repair,South Boston / South Boston Waterfront,INTERSECTION of D St &amp; Silver St  South Boston  MA,INTERSECTION D St &amp; Silver St,42.338435829286546,-71.05126885091997
101006577358,2026-03-21 11:42:00,2026-06-06 12:13:50.453,Closed,Case Closed. Closed date : 2026-06-06 12:13:50.453 Case Resolved,Sign Repair,Signs & Signals,Sign Repair,South Boston / South Boston Waterfront,72 Baxter St  South Boston  MA  02127,72 Baxter St,42.33551999969643,-71.05354000165475
101006577359,2026-03-21 11:43:00,,Open,,Request for Pothole Repair,Highway Maintenance,Request for Pothole Repair,Downtown / Financial District,40 South St  Boston  MA  02111,40 South St,42.35245499973042,-71.05675200132923
101006576379,2026-03-20 11:24:26.713,2026-06-06 12:04:38.23,Closed,Case Closed. Closed date : 2026-06-06 12:04:38.23 Case Resolved,Sign Repair,Signs & Signals,Sign Repair,South Boston / South Boston Waterfront,227 D St  South Boston  MA  02127,227 D St,42.33813000039872,-71.05143000151783
101006578974,2026-03-23 12:49:49.737,2026-03-23 19:23:15.61,Closed,Case Closed. Closed date : 2026-03-23 19:23:15.61 Case Resolved Check pedestrian buttons working properly.,Traffic Signal Inspection,Signs & Signals,Traffic Signal Inspection,South Boston / South Boston Waterfront,333 Summer St  Boston  MA  02210,333 Summer St,42.3489963216189,-71.04821826524237
101006579856,2026-03-24 10:05:00,,Open,,Sign Repair,Signs & Signals,Sign Repair,South Boston / South Boston Waterfront,INTERSECTION of D St &amp; W Fifth St  South Boston  MA,INTERSECTION D St &amp; W Fifth St,42.337475352682624,-71.05238489866309
101006577398,2026-03-21 12:41:00,2026-04-23 13:43:05.81,Closed,Case Closed. Closed date : 2026-04-23 13:43:05.81 Case Resolved,Sign Repair,Signs & Signals,Sign Repair,South Boston / South Boston Waterfront,223 Gold St  South Boston  MA  02127,223 Gold St,42.33618000044253,-71.04970000091106
101006592363,2026-03-26 10:53:00,2026-05-16 19:09:30.89,Closed,Case Closed. Closed date : 2026-05-16 19:09:30.89 Case Resolved,Sign Repair,Signs & Signals,Sign Repair,South Boston / South Boston Waterfront,INTERSECTION of Gifford Pl &amp; Ward St  South Boston  MA,INTERSECTION Gifford Pl &amp; Ward St,42.32992159296201,-71.05484384805804
101006592396,2026-03-26 11:22:36.29,2026-03-27 09:31:03.16,Closed,Case Closed. Closed date : Fri Mar 27 09:31:03 EDT 2026 Resolved Patch,Request for Pothole Repair,Highway Maintenance,Request for Pothole Repair,South Boston / South Boston Waterfront,109 Bolton St  South Boston  MA  02127,109 Bolton St,42.340589999582356,-71.05086000132309
101006579874,2026-03-24 10:18:27.183,2026-03-24 11:24:15.117,Closed,Case Closed. Closed date : Tue Mar 24 11:24:15 EDT 2026 Resolved Patch,Request for Pothole Repair,Highway Maintenance,Request for Pothole Repair,South Boston / South Boston Waterfront,INTERSECTION of D St &amp; W Second St  South Boston  MA,INTERSECTION D St &amp; W Second St,42.34014773201928,-71.04926784173567
101006579996,2026-03-24 11:24:00,2026-03-27 12:00:49.173,Closed,Case Closed. Closed date : 2026-03-27 12:00:49.173 If this has not been resovled  please resubmit with a photo. Thank you.,Request for Pothole Repair,Highway Maintenance,Request for Pothole Repair,South Boston / South Boston Waterfront,INTERSECTION of E Service Rd &amp; Congress St  Boston  MA,INTERSECTION E Service Rd &amp; Congress St,42.34928655655149,-71.04484597582788
101006580784,2026-03-24 23:37:24.783,2026-03-27 08:47:07.457,Closed,Case Closed. Closed date : Fri Mar 27 08:47:07 EDT 2026 Resolved Patch,Request for Pothole Repair,Highway Maintenance,Request for Pothole Repair,South Boston / South Boston Waterfront,INTERSECTION of Columbia Rd &amp; L St  South Boston  MA,INTERSECTION Columbia Rd &amp; L St,42.329526902782916,-71.03520108986012
101006578069,2026-03-22 11:17:00,2026-03-23 08:42:24.103,Closed,Case Closed. Closed date : 2026-03-23 08:42:24.103 Case Referred to External Agency This location is under the jurisdiction of the Massport  and not the City of Boston. Massport has received this complaint from us and will forward it to the appropriate district to review. Thank you.,Request for Pothole Repair,Highway Maintenance,Request for Pothole Repair,South Boston / South Boston Waterfront,INTERSECTION of E Service Rd &amp; Congress St  Boston  MA,INTERSECTION E Service Rd &amp; Congress St,42.34928655655149,-71.04484597582788
101006581214,2026-03-25 10:42:00,2026-05-30 16:26:51.487,Closed,Case Closed. Closed date : 2026-05-30 16:26:51.487 Case Resolved,Sign Repair,Signs & Signals,Sign Repair,South Boston / South Boston Waterfront,1380 Columbia Rd  South Boston  MA  02127,1380 Columbia Rd,42.33081999977917,-71.04496000094836
101006581217,2026-03-25 10:43:16.79,2026-03-27 10:12:11.117,Closed,Case Closed. Closed date : Fri Mar 27 10:12:11 EDT 2026 Resolved Patch,Request for Pothole Repair,Highway Maintenance,Request for Pothole Repair,Boston,15-21 Sleeper St  Boston  MA  02210,15-21 Sleeper St,42.35180546191922,-71.04919379076277
101006578141,2026-03-22 12:21:27.76,2026-03-23 06:24:06.987,Closed,Case Closed. Closed date : 2026-03-23 06:24:06.987 Duplicate of Existing Case,Traffic Signal Inspection,Signs & Signals,Traffic Signal Inspection,South Boston / South Boston Waterfront,INTERSECTION of A St &amp; Dorchester Ave  South Boston  MA,INTERSECTION A St &amp; Dorchester Ave,42.34057942046094,-71.05704497134145
101006592531,2026-03-26 12:45:00,2026-05-30 15:32:08.763,Closed,Case Closed. Closed date : 2026-05-30 15:32:08.763 Case Resolved,Sign Repair,Signs & Signals,Sign Repair,South Boston / South Boston Waterfront,9 Hatch St  South Boston  MA  02127,9 Hatch St,42.3309700003985,-71.03618000091527
101006595189,2026-03-29 10:17:50.677,2026-03-30 09:51:28.273,Closed,Case Closed. Closed date : Mon Mar 30 09:51:28 EDT 2026 Resolved,Request for Pothole Repair,Highway Maintenance,Request for Pothole Repair,Downtown / Financial District,INTERSECTION of Franklin St &amp; Congress St  Boston  MA,INTERSECTION Franklin St &amp; Congress St,42.35562826542471,-71.05567739622175
101006595190,2026-03-29 10:18:00,,Open,,Request for Pothole Repair,Highway Maintenance,Request for Pothole Repair,Downtown / Financial District,INTERSECTION of Franklin St &amp; Congress St  Boston  MA,INTERSECTION Franklin St &amp; Congress St,42.35562826542471,-71.05567739622175
101006593559,2026-03-27 10:15:00,,Open,,Sign Repair,Signs & Signals,Sign Repair,Boston,140 Seaport Blvd  Boston  MA  02210,140 Seaport Blvd,42.35128915022775,-71.04319689816006
101006581342,2026-03-25 12:06:00,2026-03-26 13:56:56.687,Closed,Case Closed. Closed date : 2026-03-26 13:56:56.687 Case Resolved PATCHED 2 14X16 COVERS. 3/25,Request for Pothole Repair,Highway Maintenance,Request for Pothole Repair,South Boston / South Boston Waterfront,INTERSECTION of O St &amp; E Sixth St  South Boston  MA,INTERSECTION O St &amp; E Sixth St,42.333228799927475,-71.02915453288169
101006581360,2026-03-25 12:16:00,2026-03-26 12:52:20.29,Closed,Case Closed. Closed date : 2026-03-26 12:52:20.29 Case Referred to External Agency This site will be reviewed  P Nagle  NatGrid,Request for Pothole Repair,Highway Maintenance,Request for Pothole Repair,South Boston / South Boston Waterfront,110 M St  South Boston  MA  02127,110 M St,42.33432999970036,-71.03315000153694
101006595290,2026-03-29 12:20:00,2026-05-23 15:08:11.25,Closed,Case Closed. Closed date : 2026-05-23 15:08:11.25 Case Resolved,Sign Repair,Signs & Signals,Sign Repair,South Boston / South Boston Waterfront,651 E Second St  South Boston  MA  02127,651 E Second St,42.33717899972841,-71.03708600131019
101006593717,2026-03-27 12:20:00,2026-04-09 13:13:39.123,Closed,Case Closed. Closed date : 2026-04-09 13:13:39.123 Case Resolved,Sign Repair,Signs & Signals,Sign Repair,South Boston / South Boston Waterfront,INTERSECTION of Leeds St &amp; Dorchester Ave  South Boston  MA,INTERSECTION Leeds St &amp; Dorchester Ave,42.33039351414087,-71.05695779097184
101006595748,2026-03-29 23:02:00,2026-03-30 08:53:58.017,Closed,Case Closed. Closed date : 2026-03-30 08:53:58.017 Resubmitted as BCS-00183137,Illegal Graffiti,Signs & Signals,Traffic Signal Repair,Boston,555 Atlantic Ave  Boston  MA  02210,555 Atlantic Ave,42.353618081360814,-71.05429428791614
101006595752,2026-03-29 23:50:41.56,2026-03-30 08:38:43.847,Closed,Case Closed. Closed date : Mon Mar 30 08:38:43 EDT 2026 Resolved Patch,Request for Pothole Repair,Highway Maintenance,Request for Pothole Repair,South Boston / South Boston Waterfront,INTERSECTION of Vinton St &amp; Middle St  South Boston  MA,INTERSECTION Vinton St &amp; Middle St,42.33078650673011,-71.05441131371438
101006596235,2026-03-30 11:23:24.083,2026-04-02 10:56:17.597,Closed,Case Closed. Closed date : Thu Apr 02 10:56:17 EDT 2026 Resolved,Request for Pothole Repair,Highway Maintenance,Request for Pothole Repair,Downtown / Financial District,1-5 Winthrop Sq  Boston  MA  02110,1-5 Winthrop Sq,42.35443415847187,-71.05789501941777
101006596242,2026-03-30 11:28:00,,Open,,Request for Pothole Repair,Highway Maintenance,Request for Pothole Repair,Downtown / Financial District,INTERSECTION of Summer St &amp; Purchase St  Boston  MA,INTERSECTION Summer St &amp; Purchase St,42.35296080518185,-71.05619394740542
101006596290,2026-03-30 11:49:20.607,2026-03-30 11:49:37.62,Closed,Case Closed. Closed date : 2026-03-30 11:49:37.62 Case Invalid,Request for Pothole Repair,Highway Maintenance,Request for Pothole Repair,Boston,101 Seaport Blvd  Boston  MA  02210,101 Seaport Blvd,42.35115218346631,-71.0453487451747
101006596293,2026-03-30 11:50:28.873,2026-03-30 11:50:57.59,Closed,Case Closed. Closed date : 2026-03-30 11:50:57.59 Case Invalid,Request for Pothole Repair,Highway Maintenance,Request for Pothole Repair,Boston,77 Seaport Blvd  Boston  MA  02210,77 Seaport Blvd,42.35172216948778,-71.04621096491626
101006596296,2026-03-30 11:51:00,2026-03-31 09:07:54.167,Closed,Case Closed. Closed date : Tue Mar 31 09:07:54 EDT 2026 Resolved Patch,Request for Pothole Repair,Highway Maintenance,Request for Pothole Repair,South Boston / South Boston Waterfront,INTERSECTION of Seaport Blvd &amp; Sleeper St  Boston  MA,INTERSECTION Seaport Blvd &amp; Sleeper St,42.35311439888516,-71.04842111246656
101006598233,2026-03-31 22:30:00,2026-04-01 08:37:45.117,Closed,Case Closed. Closed date : Wed Apr 01 08:37:45 EDT 2026 Noted Apologies for the inconveniences  this has caused Utility company has been sent 311 case to schedule repairs. Your patience and cooperation is greatly appreciated  thank you,Request for Pothole Repair,Highway Maintenance,Request for Pothole Repair,South Boston / South Boston Waterfront,INTERSECTION of W Seventh St &amp; C St  South Boston  MA,INTERSECTION W Seventh St &amp; C St,42.33723126855057,-71.0553914285476
101006598394,2026-04-01 07:31:34.28,2026-04-01 08:19:06.137,Closed,Case Closed. Closed date : Wed Apr 01 08:19:06 EDT 2026 Resolved Patch,Pothole,Highway Maintenance,Request for Pothole Repair,South Boston / South Boston Waterfront,97 Bolton St  South Boston  MA  02127,97 Bolton St,42.34097999957357,-71.0514900015858
101006598400,2026-04-01 07:39:32.887,2026-04-01 08:33:20.443,Closed,Case Closed. Closed date : Wed Apr 01 08:33:20 EDT 2026 Resolved Patch,Pothole,Highway Maintenance,Request for Pothole Repair,South Boston / South Boston Waterfront,294A-294B Athens St  South Boston  MA  02127,294A-294B Athens St,42.3379601719449,-71.04824519335133
101006598402,2026-04-01 07:41:59.233,2026-04-01 08:47:55.567,Closed,Case Closed. Closed date : Wed Apr 01 08:47:55 EDT 2026 Resolved Patch,Pothole,Highway Maintenance,Request for Pothole Repair,South Boston,358-360 Athens St  South Boston  MA  02127,358-360 Athens St,42.33678878675106,-71.04647569287611
101006598411,2026-04-01 07:47:25.077,2026-04-01 08:57:00.78,Closed,Case Closed. Closed date : Wed Apr 01 08:57:00 EDT 2026 Resolved Patch,Pothole,Highway Maintenance,Request for Pothole Repair,South Boston / South Boston Waterfront,176 Gold St  South Boston  MA  02127,176 Gold St,42.33736600025449,-71.05124600112984
101006598584,2026-04-01 08:59:47.28,2026-04-01 09:02:17.507,Closed,Case Closed. Closed date : Wed Apr 01 09:02:17 EDT 2026 Resolved Patch,Pothole,Highway Maintenance,Request for Pothole Repair,South Boston,231 Gold St  South Boston  MA  02127,231 Gold St,42.3360174935413,-71.0494003429612
101006598602,2026-04-01 09:07:26.157,2026-04-01 09:25:00.53,Closed,Case Closed. Closed date : Wed Apr 01 09:25:00 EDT 2026 Resolved Patch,Pothole,Highway Maintenance,Request for Pothole Repair,South Boston / South Boston Waterfront,224 Bowen St  South Boston  MA  02127,224 Bowen St,42.335650000293086,-71.05027000110574
101006598614,2026-04-01 09:14:15.817,2026-04-01 09:25:19.667,Closed,Case Closed. Closed date : Wed Apr 01 09:25:19 EDT 2026 Resolved Patch,Pothole,Highway Maintenance,Request for Pothole Repair,South Boston / South Boston Waterfront,167 D St  South Boston  MA  02127,167 D St,42.33670999969273,-71.0531100016183
101006598617,2026-04-01 09:17:00,,Open,,Sign Repair,Signs & Signals,Sign Repair,South Boston / South Boston Waterfront,INTERSECTION of Stillings St &amp; Congress St  Boston  MA,INTERSECTION Stillings St &amp; Congress St,42.34994104044946,-71.04777120775607
101006598624,2026-04-01 09:23:44.267,2026-04-01 09:41:40.527,Closed,Case Closed. Closed date : Wed Apr 01 09:41:40 EDT 2026 Resolved Patch,Pothole,Highway Maintenance,Request for Pothole Repair,South Boston / South Boston Waterfront,INTERSECTION of D St &amp; W Seventh St  South Boston  MA,INTERSECTION D St &amp; W Seventh St,42.336245751834696,-71.05387585381897
101006598625,2026-04-01 09:24:24.077,2026-04-01 09:41:15.513,Closed,Case Closed. Closed date : Wed Apr 01 09:41:15 EDT 2026 Resolved Patch,Pothole,Highway Maintenance,Request for Pothole Repair,South Boston / South Boston Waterfront,INTERSECTION of D St &amp; W Seventh St  South Boston  MA,INTERSECTION D St &amp; W Seventh St,42.336245751834696,-71.05387585381897
101006598670,2026-04-01 09:50:39.863,2026-04-01 09:55:15.35,Closed,Case Closed. Closed date : Wed Apr 01 09:55:15 EDT 2026 Resolved Patch,Pothole,Highway Maintenance,Request for Pothole Repair,South Boston / South Boston Waterfront,36 Baxter St  South Boston  MA  02127,36 Baxter St,42.336210000026725,-71.05463000153799
101006598680,2026-04-01 09:55:52.867,2026-04-01 10:00:35.607,Closed,Case Closed. Closed date : Wed Apr 01 10:00:35 EDT 2026 Resolved Patch,Pothole,Highway Maintenance,Request for Pothole Repair,South Boston,12 Baxter St  South Boston  MA  02127,12 Baxter St,42.33665613772689,-71.05524062285822
101006598959,2026-04-01 13:00:00,2026-04-07 11:56:29.837,Closed,Case Closed. Closed date : 2026-04-07 11:56:29.837 Case Noted This location is running under a multiple Agency (MASSDOT< MASSPORT & BTD) Adaptive Project and can not be put on pedestrian recall,Traffic Signal Inspection,Signs & Signals,Traffic Signal Inspection,South Boston / South Boston Waterfront,INTERSECTION of A St &amp; Congress St  Boston  MA,INTERSECTION A St &amp; Congress St,42.35036087050705,-71.04846518209177
101006597062,2026-03-30 22:20:00,,Open,,Sign Repair,Signs & Signals,Sign Repair,South Boston / South Boston Waterfront,INTERSECTION of Columbia Rd &amp; Old Harbor St  South Boston  MA,INTERSECTION Columbia Rd &amp; Old Harbor St,42.330435850012734,-71.04739763078554
101006599164,2026-04-01 15:29:00,,Open,,Request for Pothole Repair,Highway Maintenance,Request for Pothole Repair,Downtown / Financial District,INTERSECTION of Essex St &amp; John F. Fitzgerald Surface Rd  Boston  MA,INTERSECTION Essex St &amp; John F. Fitzgerald Surface Rd,42.35235367067689,-71.05815268291916
101006597507,2026-03-31 10:25:02.727,2026-03-31 10:33:44.74,Closed,Case Closed. Closed date : Tue Mar 31 10:33:44 EDT 2026 Resolved Patch,Pothole,Highway Maintenance,Request for Pothole Repair,South Boston / South Boston Waterfront,INTERSECTION of Columbia Rd &amp; I St  South Boston  MA,INTERSECTION Columbia Rd &amp; I St,42.33056708414314,-71.03981131933347
101006597520,2026-03-31 10:33:07.237,2026-03-31 10:38:59.14,Closed,Case Closed. Closed date : Tue Mar 31 10:38:59 EDT 2026 Resolved Patch,Pothole,Highway Maintenance,Request for Pothole Repair,South Boston / South Boston Waterfront,219-221 I St  South Boston  MA  02127,219-221 I St,42.330810000217525,-71.04000000163639
101006600551,2026-04-03 08:10:00,2026-04-15 13:11:32.36,Closed,Case Closed. Closed date : 2026-04-15 13:11:32.36 Case Resolved,Sign Repair,Signs & Signals,Sign Repair,South Boston / South Boston Waterfront,INTERSECTION of Foundry St &amp; Gillette Park  Boston  MA,INTERSECTION Foundry St &amp; Gillette Park,42.3442160900666,-71.05723590917583
101006597530,2026-03-31 10:38:08.383,2026-03-31 10:39:54.393,Closed,Case Closed. Closed date : Tue Mar 31 10:39:54 EDT 2026 Resolved Patch,Pothole,Highway Maintenance,Request for Pothole Repair,South Boston / South Boston Waterfront,206 I St  South Boston  MA  02127,206 I St,42.330890000308045,-71.03963000166785
101006597531,2026-03-31 10:42:19.387,2026-03-31 10:47:05.58,Closed,Case Closed. Closed date : Tue Mar 31 10:47:05 EDT 2026 Resolved Patch,Pothole,Highway Maintenance,Request for Pothole Repair,South Boston / South Boston Waterfront,INTERSECTION of I St &amp; E Eighth St  South Boston  MA,INTERSECTION I St &amp; E Eighth St,42.33139588798139,-71.03983188383754
101006597538,2026-03-31 10:46:22.82,2026-03-31 10:52:00.217,Closed,Case Closed. Closed date : Tue Mar 31 10:52:00 EDT 2026 Resolved Patch,Pothole,Highway Maintenance,Request for Pothole Repair,South Boston / South Boston Waterfront,186 I St  South Boston  MA  02127,186 I St,42.3318600000556,-71.03969000083623
101006597541,2026-03-31 10:50:32.72,2026-03-31 10:52:39.13,Closed,Case Closed. Closed date : Tue Mar 31 10:52:39 EDT 2026 Resolved Patch,Pothole,Highway Maintenance,Request for Pothole Repair,South Boston / South Boston Waterfront,INTERSECTION of Burrill Pl &amp; I St  South Boston  MA,INTERSECTION Burrill Pl &amp; I St,42.33252995469809,-71.03988192467376
101006599167,2026-04-01 15:30:40.307,2026-04-02 10:44:02.763,Closed,Case Closed. Closed date : Thu Apr 02 10:44:02 EDT 2026 Resolved,Request for Pothole Repair,Highway Maintenance,Request for Pothole Repair,Downtown / Financial District,INTERSECTION of John F. Fitzgerald Surface Rd &amp; Lincoln St  Boston  MA,INTERSECTION John F. Fitzgerald Surface Rd &amp; Lincoln St,42.35238598190779,-71.05799189636544
101006599172,2026-04-01 15:33:00,,Open,,Request for Pothole Repair,Highway Maintenance,Request for Pothole Repair,Downtown / Financial District,INTERSECTION of John F. Fitzgerald Surface Rd &amp; Lincoln St  Boston  MA,INTERSECTION John F. Fitzgerald Surface Rd &amp; Lincoln St,42.35238598190779,-71.05799189636544
101006599173,2026-04-01 15:34:00,,Open,,Request for Pothole Repair,Highway Maintenance,Request for Pothole Repair,Downtown / Financial District,INTERSECTION of John F. Fitzgerald Surface Rd &amp; Lincoln St  Boston  MA,INTERSECTION John F. Fitzgerald Surface Rd &amp; Lincoln St,42.35238598190779,-71.05799189636544
101006599174,2026-04-01 15:36:00,,Open,,Request for Pothole Repair,Highway Maintenance,Request for Pothole Repair,South Boston / South Boston Waterfront,INTERSECTION of Summer St &amp; Dorchester Ave  Boston  MA,INTERSECTION Summer St &amp; Dorchester Ave,42.35146196959442,-71.05286195719874
101006600605,2026-04-03 08:48:37.477,2026-04-03 09:48:39.617,Closed,Case Closed. Closed date : Fri Apr 03 09:48:39 EDT 2026 Resolved Patch,Request for Pothole Repair,Highway Maintenance,Request for Pothole Repair,South Boston / South Boston Waterfront,349 Silver St  South Boston  MA  02127,349 Silver St,42.33485999984029,-71.04575000124515
101006597547,2026-03-31 10:57:29.877,2026-03-31 11:02:24.93,Closed,Case Closed. Closed date : Tue Mar 31 11:02:24 EDT 2026 Resolved Patch,Pothole,Highway Maintenance,Request for Pothole Repair,South Boston / South Boston Waterfront,INTERSECTION of H St &amp; E Seventh St  South Boston  MA,INTERSECTION H St &amp; E Seventh St,42.332189036940726,-71.0414366146696
101006600732,2026-04-03 09:55:25.217,2026-04-03 10:08:49.647,Closed,Case Closed. Closed date : Fri Apr 03 10:08:49 EDT 2026 Resolved Patch,Pothole,Highway Maintenance,Request for Pothole Repair,South Boston / South Boston Waterfront,INTERSECTION of Linden St &amp; Thomas Park  South Boston  MA,INTERSECTION Linden St &amp; Thomas Park,42.333544848930124,-71.04494532216367
101006599507,2026-04-02 06:10:00,2026-04-02 08:52:54.307,Closed,Case Closed. Closed date : 2026-04-02 08:52:54.307 Duplicate of Existing Case,Traffic Signal Inspection,Signs & Signals,Traffic Signal Inspection,South Boston / South Boston Waterfront,INTERSECTION of Summer St &amp; D St  Boston  MA,INTERSECTION Summer St &amp; D St,42.34633493380661,-71.04213312283458
101006601079,2026-04-03 13:52:53.227,2026-04-04 13:01:38.057,Closed,Case Closed. Closed date : Sat Apr 04 13:01:38 EDT 2026 Resolved This location has been noted and added to our list for repairs. Sorry for the inconvenience this may have caused you during the time being.,Request for Pothole Repair,Highway Maintenance,Request for Pothole Repair,South Boston / South Boston Waterfront,880 E Broadway  South Boston  MA  02127,880 E Broadway,42.33594000017147,-71.02880000156563
101006599562,2026-04-02 07:31:00,2026-05-13 16:55:18.44,Closed,Case Closed. Closed date : 2026-05-13 16:55:18.44 Case Resolved No BWSC cover sinking in this area. 5/6,Request for Pothole Repair,Highway Maintenance,Request for Pothole Repair,Downtown / Financial District,INTERSECTION of Oliver St &amp; Seaport Blvd  Boston  MA,INTERSECTION Oliver St &amp; Seaport Blvd,42.35475830085225,-71.05141405296462
101006599606,2026-04-02 08:08:00,,Open,,Traffic Signal Inspection,Signs & Signals,Traffic Signal Inspection,South Boston / South Boston Waterfront,INTERSECTION of Old Colony Ave &amp; Dorchester St  South Boston  MA,INTERSECTION Old Colony Ave &amp; Dorchester St,42.33159102676721,-71.0531253192159
101006599616,2026-04-02 08:17:15.687,2026-04-06 13:24:13.1,Closed,Case Closed. Closed date : 2026-04-06 13:24:13.1 Case Noted BTD staff recently met with Andrew Sq. Civic Association to discuss upcoming improvements to Andrew Sq.   The first improvement will be considered a more short-term measure  anticipated to be completed in 2026.  After conducting new traffic counts  evaluating critical conflicts within the intersection  and modeling potential phasing changes  BTD will be proceeding with the following short-term change:    Dorchester Avenue NB&SB approaches will be changed to have one left turn only lane and one through/right lane. The left turns will be controlled with a new left turn arrow signal  that will remove the ongoing major conflicts with left turning vehicles and the large volume of pedestrians crossing along on Southampton St and Preble St crosswalks.      Additionally  BTD staff are preparing for upcoming public meetings and a larger project effort for more significant changes to Andrew Sq.   Please feel free to join us at upcoming meetings  provide comments  and/or review project updates at the project page:  https://www.boston.gov/departments/transportation/project/andrew-square-safety-project,Traffic Signal Inspection,Signs & Signals,Traffic Signal Inspection,South Boston / South Boston Waterfront,INTERSECTION of Preble St &amp; Boston St  South Boston  MA,INTERSECTION Preble St &amp; Boston St,42.32949914769001,-71.05701305318203
101006599621,2026-04-02 08:18:00,2026-04-02 13:03:00.687,Closed,Case Closed. Closed date : 2026-04-02 13:03:00.687 Case Noted This has been repaired.,Traffic Signal Inspection,Signs & Signals,Traffic Signal Inspection,South Boston / South Boston Waterfront,INTERSECTION of Summer St &amp; D St  Boston  MA,INTERSECTION Summer St &amp; D St,42.34633493380661,-71.04213312283458
101006599686,2026-04-02 09:15:00,,Open,,Request for Pothole Repair,Highway Maintenance,Request for Pothole Repair,Downtown / Financial District,40 South St  Boston  MA  02111,40 South St,42.35245499973042,-71.05675200132923
101006599695,2026-04-02 09:23:00,,Open,,Sign Repair,Signs & Signals,Sign Repair,Boston,133 Seaport Blvd  Boston  MA  02210,133 Seaport Blvd,42.35047140985721,-71.04360390714301
101006599720,2026-04-02 09:50:00,2026-04-02 10:59:44.677,Closed,Case Closed. Closed date : 2026-04-02 10:59:44.677 Case Noted This has been repaired.,Traffic Signal Inspection,Signs & Signals,Traffic Signal Inspection,South Boston / South Boston Waterfront,INTERSECTION of Summer St &amp; D St  Boston  MA,INTERSECTION Summer St &amp; D St,42.34633493380661,-71.04213312283458
101006599724,2026-04-02 09:53:33.793,2026-05-30 15:49:52.3,Closed,Case Closed. Closed date : 2026-05-30 15:49:52.3 Case Resolved,Sign Repair,Signs & Signals,Sign Repair,South Boston / South Boston Waterfront,185 H St  South Boston  MA  02127,185 H St,42.331559999716504,-71.04158000162384
101006601958,2026-04-04 13:21:00,2026-07-05 10:35:49.163,Closed,Case Closed. Closed date : 2026-07-05 10:35:49.163 Case Resolved,Sign Repair,Signs & Signals,Sign Repair,Downtown / Financial District,INTERSECTION of Summer St &amp; Atlantic Ave  Boston  MA,INTERSECTION Summer St &amp; Atlantic Ave,42.35257091306575,-71.05542384204689
101006600134,2026-04-02 15:53:00,,Open,,Traffic Signal Inspection,Signs & Signals,Traffic Signal Inspection,Downtown / Financial District,INTERSECTION of Congress St &amp; Atlantic Ave  Boston  MA,INTERSECTION Congress St &amp; Atlantic Ave,42.35366270698216,-71.05356117269284
101006601293,2026-04-03 16:45:11.557,2026-04-04 08:21:27.07,Closed,Case Closed. Closed date : Sat Apr 04 08:21:27 EDT 2026 Resolved This location has been noted and added to our list for repairs. Sorry for the inconvenience this may be causing you during the time being.,Request for Pothole Repair,Highway Maintenance,Request for Pothole Repair,Downtown / Financial District,75 High St  Boston  MA  02110,75 High St,42.35388399995195,-71.05514200085817
101006602034,2026-04-04 15:41:25.817,2026-04-05 13:35:20.053,Closed,Case Closed. Closed date : 2026-04-05 13:35:20.053 Case Resolved install ped recall in controller  ped working properly.,Traffic Signal Inspection,Signs & Signals,Traffic Signal Inspection,South Boston / South Boston Waterfront,INTERSECTION of E Service Rd &amp; Congress St  Boston  MA,INTERSECTION E Service Rd &amp; Congress St,42.34922273569206,-71.04536101839777
101006602110,2026-04-04 17:31:00,2026-05-30 18:42:10.12,Closed,Case Closed. Closed date : 2026-05-30 18:42:10.12 Case Resolved,Sign Repair,Signs & Signals,Sign Repair,South Boston / South Boston Waterfront,INTERSECTION of Columbia Rd &amp; Old Harbor St  South Boston  MA,INTERSECTION Columbia Rd &amp; Old Harbor St,42.330435850012734,-71.04739763078554
101006600342,2026-04-02 20:05:43.04,2026-04-03 06:09:39.477,Closed,Case Closed. Closed date : 2026-04-03 06:09:39.477 Duplicate of Existing Case,Traffic Signal Inspection,Signs & Signals,Traffic Signal Inspection,Downtown / Financial District,INTERSECTION of Bedford St &amp; Lincoln St  Boston  MA,INTERSECTION Bedford St &amp; Lincoln St,42.35330691277273,-71.0578524241298
101006600348,2026-04-02 20:09:00,2026-04-03 09:51:38.85,Closed,Case Closed. Closed date : 2026-04-03 09:51:38.85 Case Resolved,Traffic Signal Inspection,Signs & Signals,Traffic Signal Inspection,Downtown / Financial District,INTERSECTION of Bedford St &amp; Lincoln St  Boston  MA,INTERSECTION Bedford St &amp; Lincoln St,42.35330691277273,-71.0578524241298
101006600484,2026-04-03 06:53:00,2026-07-05 10:29:07.547,Closed,Case Closed. Closed date : 2026-07-05 10:29:07.547 Case Resolved,Traffic Signal Inspection,Signs & Signals,Traffic Signal Inspection,South Boston / South Boston Waterfront,INTERSECTION of Marina Park Dr &amp; Northern Ave  Boston  MA,INTERSECTION Marina Park Dr &amp; Northern Ave,42.35266302943207,-71.0452961555897
101006602297,2026-04-05 08:20:00,,Open,,Sign Repair,Signs & Signals,Sign Repair,South Boston / South Boston Waterfront,171-173 W First St  South Boston  MA  02127,171-173 W First St,42.342255999936874,-71.05146700142478
101006602476,2026-04-05 13:33:00,2026-04-06 12:20:46.813,Closed,Case Closed. Closed date : Mon Apr 06 12:20:46 EDT 2026 Resolved,Request for Pothole Repair,Highway Maintenance,Request for Pothole Repair,Downtown / Financial District,INTERSECTION of Essex St &amp; John F. Fitzgerald Surface Rd  Boston  MA,INTERSECTION Essex St &amp; John F. Fitzgerald Surface Rd,42.35235367067689,-71.05815268291916
101006602518,2026-04-05 15:05:00,2026-05-30 19:00:16.037,Closed,Case Closed. Closed date : 2026-05-30 19:00:16.037 Case Resolved,Sign Repair,Signs & Signals,Sign Repair,South Boston / South Boston Waterfront,INTERSECTION of Linley Ter &amp; E Third St  South Boston  MA,INTERSECTION Linley Ter &amp; E Third St,42.336437324655805,-71.03927356937099
101006601402,2026-04-03 18:28:06.807,2026-04-04 07:10:07.99,Closed,Case Closed. Closed date : Sat Apr 04 07:10:07 EDT 2026 Noted Mass Dot,Request for Pothole Repair,Highway Maintenance,Request for Pothole Repair,Boston,500 D St  Boston  MA  02210,500 D St,42.347433539648044,-71.04188357490793
101006601419,2026-04-03 18:45:00,,Open,,Request for Pothole Repair,Highway Maintenance,Request for Pothole Repair,Downtown / Financial District,40 South St  Boston  MA  02111,40 South St,42.35245499973042,-71.05675200132923
101006602883,2026-04-06 08:23:00,2026-07-05 10:09:14.48,Closed,Case Closed. Closed date : 2026-07-05 10:09:14.48 Case Resolved,Sign Repair,Signs & Signals,Sign Repair,Boston,43-61 Pier 4 Blvd  Boston  MA  02210,43-61 Pier 4 Blvd,42.35019451656775,-71.0449394606594
101006605105,2026-04-08 04:14:00,2026-04-14 09:38:52.863,Closed,Case Closed. Closed date : 2026-04-14 09:38:52.863 Case Noted On future paving list  on hold due to National Grid work,Request for Pothole Repair,Highway Maintenance,Request for Pothole Repair,South Boston / South Boston Waterfront,323 Athens St  South Boston  MA  02127,323 Athens St,42.337560000204,-71.04796000164185
101006603820,2026-04-06 19:43:00,2026-06-06 08:25:11.93,Closed,Case Closed. Closed date : 2026-06-06 08:25:11.93 Case Resolved,Sign Repair,Signs & Signals,Sign Repair,South Boston / South Boston Waterfront,1626-1628 Columbia Rd  South Boston  MA  02127,1626-1628 Columbia Rd,42.32983999957071,-71.036560001345
101006605160,2026-04-08 07:15:46.773,2026-04-08 09:09:28.5,Closed,Case Closed. Closed date : 2026-04-08 09:09:28.5 Case Resolved,Traffic Signal Inspection,Signs & Signals,Traffic Signal Inspection,Downtown / Financial District,INTERSECTION of Beach St &amp; John F. Fitzgerald Surface Rd  Boston  MA,INTERSECTION Beach St &amp; John F. Fitzgerald Surface Rd,42.35108380497596,-71.05939495915273
101006605203,2026-04-08 07:53:00,,Open,,Request for Pothole Repair,Highway Maintenance,Request for Pothole Repair,South Boston / South Boston Waterfront,5-5H Ellery St  South Boston  MA  02127,5-5H Ellery St,42.33040999976516,-71.0584000008536
101006602945,2026-04-06 09:04:00,,Open,,Request for Pothole Repair,Highway Maintenance,Request for Pothole Repair,Downtown / Financial District,INTERSECTION of Oliver St &amp; Seaport Blvd  Boston  MA,INTERSECTION Oliver St &amp; Seaport Blvd,42.35475830085225,-71.05141405296462
101006603324,2026-04-06 13:24:00,,Open,,Request for Pothole Repair,Highway Maintenance,Request for Pothole Repair,Boston,51 Sleeper St  Boston  MA  02210,51 Sleeper St,42.352548763552036,-71.04852681618028
101006605292,2026-04-08 08:48:00,,Open,,Request for Pothole Repair,Highway Maintenance,Request for Pothole Repair,South Boston,400 W First St  South Boston  MA  02127,400 W First St,42.33775997730364,-71.04382305678952
101006604068,2026-04-07 08:27:00,,Open,,Traffic Signal Inspection,Signs & Signals,Traffic Signal Inspection,South Boston,313 Old Colony Ave  South Boston  MA  02127,313 Old Colony Ave,42.32969000000465,-71.05287000123272
101006605327,2026-04-08 09:19:00,2026-04-08 10:24:57.223,Closed,Case Closed. Closed date : 2026-04-08 10:24:57.223 Case Referred to External Agency This location is under the jurisdiction of the Massport  and not the City of Boston. Massport has received this complaint from us and will forward it to the appropriate district to review. Thank you.,Traffic Signal Inspection,Signs & Signals,Traffic Signal Inspection,Boston,525 Congress St  Boston  MA  02210,525 Congress St,42.3485562183778,-71.04243454940013
101006604105,2026-04-07 08:57:52.703,2026-04-07 10:11:06.82,Closed,Case Closed. Closed date : 2026-04-07 10:11:06.82 Case Resolved,Traffic Signal Inspection,Signs & Signals,Traffic Signal Inspection,Downtown / Financial District,INTERSECTION of Kneeland St &amp; Interstate 93 S  Boston  MA,INTERSECTION Kneeland St &amp; Interstate 93 S,42.35012162933839,-71.05965655028417
101006604567,2026-04-07 14:05:00,,Open,,Request for Pothole Repair,Highway Maintenance,Request for Pothole Repair,Downtown / Financial District,INTERSECTION of Essex St &amp; John F. Fitzgerald Surface Rd  Boston  MA,INTERSECTION Essex St &amp; John F. Fitzgerald Surface Rd,42.35235367067689,-71.05815268291916
101006604912,2026-04-07 18:52:00,2026-04-14 13:08:27.79,Closed,Case Closed. Closed date : Tue Apr 14 13:08:27 EDT 2026 Resolved The building dept has no jurisdiction over traffic signage   if btd is reporting missing or damaged signage due to contractor activity   btd can replace signage at their own discretion and report vandalized city property,Sign Repair,Signs & Signals,Sign Repair,South Boston / South Boston Waterfront,INTERSECTION of W Third St &amp; B St  South Boston  MA,INTERSECTION W Third St &amp; B St,42.341577453492796,-71.0530043033134
101006606937,2026-04-09 14:34:00,,Open,,Request for Pothole Repair,Highway Maintenance,Request for Pothole Repair,South Boston / South Boston Waterfront,INTERSECTION of Marina Park Dr &amp; Northern Ave  Boston  MA,INTERSECTION Marina Park Dr &amp; Northern Ave,42.35266302943207,-71.0452961555897
101006606940,2026-04-09 14:35:00,,Open,,Request for Pothole Repair,Highway Maintenance,Request for Pothole Repair,South Boston / South Boston Waterfront,INTERSECTION of Marina Park Dr &amp; Northern Ave  Boston  MA,INTERSECTION Marina Park Dr &amp; Northern Ave,42.35266302943207,-71.0452961555897
101006606941,2026-04-09 14:36:00,,Open,,Request for Pothole Repair,Highway Maintenance,Request for Pothole Repair,South Boston / South Boston Waterfront,INTERSECTION of Fan Pier  Blvd &amp; Northern Ave  Boston  MA,INTERSECTION Fan Pier  Blvd &amp; Northern Ave,42.35299378046001,-71.04601279532345
101006606945,2026-04-09 14:37:00,,Open,,Request for Pothole Repair,Highway Maintenance,Request for Pothole Repair,South Boston / South Boston Waterfront,INTERSECTION of Fan Pier  Blvd &amp; Northern Ave  Boston  MA,INTERSECTION Fan Pier  Blvd &amp; Northern Ave,42.35299378046001,-71.04601279532345
101006608654,2026-04-10 23:42:00,,Open,,Request for Pothole Repair,Highway Maintenance,Request for Pothole Repair,South Boston / South Boston Waterfront,INTERSECTION of Harbor St &amp; Northern Ave  Boston  MA,INTERSECTION Harbor St &amp; Northern Ave,42.34765338035983,-71.03608508696117
101006608979,2026-04-11 10:29:00,2026-04-15 16:49:10.373,Closed,Case Closed. Closed date : Wed Apr 15 16:49:10 EDT 2026 Noted At said location  nothing found,Request for Pothole Repair,Highway Maintenance,Request for Pothole Repair,South Boston / South Boston Waterfront,1 Acadia St  South Boston  MA  02127,1 Acadia St,42.33794000000491,-71.03015000123288
101006609027,2026-04-11 11:18:00,2026-05-30 18:42:35.23,Closed,Case Closed. Closed date : 2026-05-30 18:42:35.23 Case Resolved,Sign Repair,Signs & Signals,Sign Repair,South Boston / South Boston Waterfront,INTERSECTION of Columbia Rd &amp; Old Harbor St  South Boston  MA,INTERSECTION Columbia Rd &amp; Old Harbor St,42.330435850012734,-71.04739763078554
101006607054,2026-04-09 16:02:00,2026-05-30 15:50:53.02,Closed,Case Closed. Closed date : 2026-05-30 15:50:53.02 Case Resolved,Sign Repair,Signs & Signals,Sign Repair,South Boston / South Boston Waterfront,505 E Third St  South Boston  MA  02127,505 E Third St,42.336279999656426,-71.0394400010036
101006606304,2026-04-09 07:25:00,,Open,,Request for Pothole Repair,Highway Maintenance,Request for Pothole Repair,Boston,300 Northern Ave  Boston  MA  02210,300 Northern Ave,42.348017638420984,-71.03583603825194
101006607134,2026-04-09 17:04:00,2026-06-06 08:25:34.82,Closed,Case Closed. Closed date : 2026-06-06 08:25:34.82 Case Resolved,Sign Repair,Signs & Signals,Sign Repair,South Boston / South Boston Waterfront,1626-1628 Columbia Rd  South Boston  MA  02127,1626-1628 Columbia Rd,42.32983999957071,-71.036560001345
101006606305,2026-04-09 07:26:00,2026-04-09 11:25:19,Closed,Case Closed. Closed date : 2026-04-09 11:25:19.0 This location is under the jurisdiction of the Massport  and not the City of Boston. Massport has received this complaint from us and will forward it to the appropriate district to review. Thank you.,Request for Pothole Repair,Highway Maintenance,Request for Pothole Repair,South Boston / South Boston Waterfront,INTERSECTION of Harbor St &amp; Fid Kennedy Ave  Boston  MA,INTERSECTION Harbor St &amp; Fid Kennedy Ave,42.348520590005656,-71.03515204394661
101006610542,2026-04-13 10:43:35.31,2026-06-06 08:25:51.71,Closed,Case Closed. Closed date : 2026-06-06 08:25:51.71 Case Resolved,Sign Repair,Signs & Signals,Sign Repair,South Boston / South Boston Waterfront,1628 Columbia Rd  South Boston  MA  02127,1628 Columbia Rd,42.32983999974639,-71.03655000125714
101006607867,2026-04-10 11:21:00,,Open,,Request for Pothole Repair,Highway Maintenance,Request for Pothole Repair,Downtown / Financial District,INTERSECTION of Oliver St &amp; Seaport Blvd  Boston  MA,INTERSECTION Oliver St &amp; Seaport Blvd,42.35475830085225,-71.05141405296462
101006610709,2026-04-13 12:21:00,2026-04-14 08:32:31.18,Closed,Case Closed. Closed date : 2026-04-14 08:32:31.18 Case Resolved Purchase St scheduled for paving in May,Request for Pothole Repair,Highway Maintenance,Request for Pothole Repair,Downtown / Financial District,INTERSECTION of Pearl St &amp; Purchase St  Boston  MA,INTERSECTION Pearl St &amp; Purchase St,42.354525479380634,-71.05335663319455
101006614334,2026-04-16 11:37:00,2026-05-10 10:17:18.557,Closed,Case Closed. Closed date : 2026-05-10 10:17:18.557 Case Resolved,Sign Repair,Signs & Signals,Sign Repair,South Boston / South Boston Waterfront,273 Gold St  South Boston  MA  02127,273 Gold St,42.33506000007578,-71.04800000078785
101006614185,2026-04-16 10:03:14.39,,Open,,Sign Repair,Signs & Signals,Sign Repair,South Boston / South Boston Waterfront,184 H St  South Boston  MA  02127,184 H St,42.33159500043046,-71.04126900167716
101006617087,2026-04-19 12:58:40.46,2026-04-20 13:24:26.093,Closed,Case Closed Case Resolved,Request for Pothole Repair,Highway Maintenance,Request for Pothole Repair,Boston,7-11 Otis St  Boston  MA  02110,7-11 Otis St,42.35489944523477,-71.058068418516
