{
	"type": "FeatureCollection",
	"features": [
		{
			"type": "Feature",
			"geometry": {
				"type": "Polygon",
				"coordinates": [
					[
						[-71.05240499966362, 42.33748799996762],
						[-71.05212600000436, 42.33731699970635],
						[-71.05170300040507, 42.337057000328706],
						[-71.05120999958724, 42.336725000010205],
						[-71.0510229999895, 42.336599000046526],
						[-71.05084499971427, 42.336485000304535],
						[-71.04931999992502, 42.335498000136916],
						[-71.04895900025, 42.3358030002695],
						[-71.04859299965378, 42.336111999768505],
						[-71.04817699972716, 42.336462000057736],
						[-71.04775999997565, 42.336811999727075],
						[-71.04929499981066, 42.33780299993059],
						[-71.04975199974514, 42.3381010000768],
						[-71.05002499955663, 42.33828000028563],
						[-71.05013500005978, 42.33834899966992],
						[-71.0506149995605, 42.338652999914636],
						[-71.05083999969139, 42.33879499979185],
						[-71.0510089997458, 42.338658999944],
						[-71.05128400010541, 42.33842599971145],
						[-71.05167200044292, 42.33808299982727],
						[-71.05204200033877, 42.337788000315946],
						[-71.05240499966362, 42.33748799996762]
					]
				]
			},
			"properties": { "GEOID": "250250608003", "TRACT": "060800", "BLKGRP": "3", "AREALAND": 65246 }
		},
		{
			"type": "Feature",
			"geometry": {
				"type": "Polygon",
				"coordinates": [
					[
						[-71.05265900010684, 42.32935599988859],
						[-71.05264900006111, 42.32914999995664],
						[-71.05262399994675, 42.32859700022044],
						[-71.05261899992387, 42.328433000201095],
						[-71.05258999961154, 42.327514999835],
						[-71.0525650003955, 42.32711200022562],
						[-71.05253400043337, 42.32680999970283],
						[-71.05248500002956, 42.32607099998408],
						[-71.05247400015891, 42.32531000009482],
						[-71.052437000349, 42.32433399980006],
						[-71.0524160004326, 42.323436999932426],
						[-71.05239700016602, 42.323061000293414],
						[-71.05239200014316, 42.32297599999652],
						[-71.05231299960212, 42.32262200000188],
						[-71.05211900033169, 42.32158299974148],
						[-71.0520930003924, 42.321469000014616],
						[-71.05203700031592, 42.321463999951995],
						[-71.05199399975989, 42.32146000016724],
						[-71.05180899981195, 42.32144399969735],
						[-71.05155199989402, 42.32143499984639],
						[-71.051367999771, 42.32141000017976],
						[-71.05124999977022, 42.321308000188424],
						[-71.05113299959436, 42.32118800026039],
						[-71.05103499968506, 42.321070000008376],
						[-71.05092500008021, 42.32087600030637],
						[-71.05078699998795, 42.32082999967987],
						[-71.05060399968986, 42.3207580001334],
						[-71.05046800014573, 42.32078800017588],
						[-71.05040000037366, 42.32081500000257],
						[-71.05030900013705, 42.32088700014797],
						[-71.05024399983974, 42.32096199974135],
						[-71.0502270001213, 42.32103100019166],
						[-71.0502129998776, 42.321155000223506],
						[-71.05023399979399, 42.321202999848786],
						[-71.05030900013705, 42.32151000011499],
						[-71.05030699958891, 42.321768000117075],
						[-71.0502830001978, 42.3218639997242],
						[-71.05027800017491, 42.32188399984534],
						[-71.05024399983974, 42.322016999957675],
						[-71.05009200040209, 42.322074000014666],
						[-71.04982999956295, 42.32222300000129],
						[-71.04956400032248, 42.32242700017291],
						[-71.04940600013873, 42.32258200022247],
						[-71.04919500025153, 42.322852000232544],
						[-71.0490510003115, 42.32312400025185],
						[-71.04897799961826, 42.32335899988821],
						[-71.04895599987694, 42.32342899994939],
						[-71.0489459998312, 42.323492000203515],
						[-71.04784100016651, 42.32259200016974],
						[-71.04622699979048, 42.32328500008045],
						[-71.04578900012257, 42.323560999871766],
						[-71.04541400020382, 42.32379799968652],
						[-71.04602299957598, 42.32456099972688],
						[-71.0459670003978, 42.32571700013601],
						[-71.045665000274, 42.32682300022139],
						[-71.0449399996526, 42.32773000008829],
						[-71.04422499997524, 42.32805100015841],
						[-71.0438130002466, 42.32820799997686],
						[-71.04250699984215, 42.328257999874864],
						[-71.03979399964919, 42.32823799978761],
						[-71.03897799968951, 42.32823899995815],
						[-71.03847899992223, 42.327986000135795],
						[-71.03719699980721, 42.32761600020918],
						[-71.03508700003695, 42.327499999758984],
						[-71.03313299990229, 42.32775399972193],
						[-71.0325210001571, 42.327731999781385],
						[-71.03039899979295, 42.32853899993044],
						[-71.02777900038475, 42.33024600006152],
						[-71.0250650003669, 42.33114600017524],
						[-71.02281800032928, 42.331330000200914],
						[-71.02097799999744, 42.33059199992295],
						[-71.0184820004378, 42.32955399994168],
						[-71.01470700023788, 42.329046000244155],
						[-71.01271000044551, 42.32969199985158],
						[-71.01083800032661, 42.332875000092336],
						[-71.00955899968635, 42.335019999866454],
						[-71.00780100026859, 42.33594199979792],
						[-71.0073529996566, 42.33617299984904],
						[-71.00696799969214, 42.33702700007596],
						[-71.00802899987421, 42.33937899997451],
						[-71.00924499986698, 42.34052299993978],
						[-71.01075700013577, 42.339798999781756],
						[-71.01099200031241, 42.33964199967937],
						[-71.01164099986751, 42.33930999972836],
						[-71.01336599967331, 42.33888699997133],
						[-71.01483899958403, 42.33881899985165],
						[-71.01512599963921, 42.3388389998945],
						[-71.01567700018336, 42.33887399995413],
						[-71.0165249999301, 42.338870999949805],
						[-71.01730999992763, 42.33884999991533],
						[-71.01800500041182, 42.33881699984705],
						[-71.01828300024617, 42.338796999797204],
						[-71.01868699957889, 42.33876699971054],
						[-71.01931000009306, 42.33870200013764],
						[-71.01966999994318, 42.33865399991958],
						[-71.02009000006771, 42.33857700015724],
						[-71.02049500012367, 42.338472000087926],
						[-71.02104499994459, 42.33827700025296],
						[-71.02148900035861, 42.33808299982727],
						[-71.02178800010935, 42.33793900030171],
						[-71.02194700011799, 42.33784700006332],
						[-71.0220659999437, 42.33796500005598],
						[-71.0222490002418, 42.33809099993878],
						[-71.02244900025833, 42.3381899999067],
						[-71.02372200015252, 42.33864599987966],
						[-71.02384000015329, 42.33869200009525],
						[-71.02397999989537, 42.33871300018249],
						[-71.02412899985829, 42.33872100021384],
						[-71.0242900004151, 42.33871200017849],
						[-71.02444299967766, 42.338677000028625],
						[-71.02455099963268, 42.33863999984906],
						[-71.0248960003125, 42.338459999992956],
						[-71.02513300013896, 42.338309999940606],
						[-71.02511200022256, 42.337484999897114],
						[-71.02509100030618, 42.336660000318666],
						[-71.02507100021467, 42.335802000219275],
						[-71.02504500027541, 42.33492699994178],
						[-71.02502600000884, 42.33409500013093],
						[-71.0250090002904, 42.333281000239495],
						[-71.02500099989449, 42.333021000113376],
						[-71.02515499988027, 42.332923000072945],
						[-71.02638799959149, 42.33261699981782],
						[-71.02708399990057, 42.33240899973202],
						[-71.02807399993753, 42.33205699990979],
						[-71.02864600039807, 42.33182200022424],
						[-71.02910300033255, 42.33162600023881],
						[-71.02953299960456, 42.33143199988219],
						[-71.0306630002819, 42.330879000285194],
						[-71.03114299978262, 42.330653000044755],
						[-71.03166300036463, 42.330423999913165],
						[-71.03233700003408, 42.33014700020584],
						[-71.03285500006794, 42.32995299993625],
						[-71.03318399995592, 42.32983799995608],
						[-71.03377399995979, 42.32964900013832],
						[-71.03431399973496, 42.32949199993171],
						[-71.03484699983744, 42.32938900027276],
						[-71.03520699968755, 42.32935000029984],
						[-71.0355909998271, 42.329332999691054],
						[-71.03604399956363, 42.3293479999941],
						[-71.03646000038856, 42.329393999705616],
						[-71.03707600033172, 42.32948599969182],
						[-71.03724799986085, 42.32952500024454],
						[-71.03775400019912, 42.32964100028109],
						[-71.03903999961378, 42.32995699984512],
						[-71.03954199975412, 42.33005200009722],
						[-71.03979100017446, 42.330087999875644],
						[-71.04011900023752, 42.33013499985053],
						[-71.04090300041017, 42.33020900023432],
						[-71.04152799967584, 42.33023399972506],
						[-71.04203499983903, 42.33023700014146],
						[-71.04279200024749, 42.330224000328414],
						[-71.04405300044611, 42.33019199985768],
						[-71.04490399966758, 42.33017799989568],
						[-71.04532899981501, 42.330180000175034],
						[-71.04617300026212, 42.33015799975477],
						[-71.04738500005693, 42.33013599999092],
						[-71.04738400023201, 42.33041899989812],
						[-71.0479599999922, 42.33039899983383],
						[-71.04816900022956, 42.33039200020831],
						[-71.04890700037146, 42.33035700007664],
						[-71.04934699968919, 42.330344999761344],
						[-71.04950700042109, 42.330340999877144],
						[-71.04987099957083, 42.33032400020031],
						[-71.05013099986182, 42.330297999943426],
						[-71.05041899974191, 42.33021300012696],
						[-71.05075400037597, 42.330110000320396],
						[-71.05114900038619, 42.329938999921],
						[-71.05123899989957, 42.32989800000083],
						[-71.05141499962666, 42.32979699997003],
						[-71.05152500012984, 42.32971200014066],
						[-71.05161800001625, 42.32964699984203],
						[-71.05172299959823, 42.32958600007286],
						[-71.05182100040585, 42.3295740002746],
						[-71.05211599995863, 42.32962399975094],
						[-71.0518749999342, 42.32949999980789],
						[-71.05182700025362, 42.3294349999543],
						[-71.05181100036009, 42.329373999979545],
						[-71.05181600038297, 42.32931299994558],
						[-71.05184599962189, 42.329246000253896],
						[-71.05193000018579, 42.32914800030867],
						[-71.05201700022442, 42.329088999705505],
						[-71.05211900033169, 42.329060999951466],
						[-71.0522339999594, 42.32905800014309],
						[-71.05235399961, 42.32907900012684],
						[-71.05246900013606, 42.32911599995461],
						[-71.05250099992311, 42.32914200003596],
						[-71.05258299993885, 42.32920600003715],
						[-71.05265900010684, 42.32935599988859]
					]
				]
			},
			"properties": {
				"GEOID": "250259812011",
				"TRACT": "981201",
				"BLKGRP": "1",
				"AREALAND": 799562
			}
		},
		{
			"type": "Feature",
			"geometry": {
				"type": "Polygon",
				"coordinates": [
					[
						[-71.04337300003053, 42.33852999985068],
						[-71.043982000301, 42.33798799975306],
						[-71.04247500005509, 42.33801000009055],
						[-71.04160600039194, 42.338027999696926],
						[-71.04052000009553, 42.33804799999135],
						[-71.03999200001591, 42.3380550000929],
						[-71.03876900035046, 42.33807699974291],
						[-71.03779299965888, 42.33809099993878],
						[-71.03752200039554, 42.33809499999419],
						[-71.03644399959673, 42.338123999724075],
						[-71.03548600024511, 42.33814099994877],
						[-71.03422800041955, 42.338150000065895],
						[-71.03340999991173, 42.338170000321526],
						[-71.03260800019574, 42.3381819998078],
						[-71.03189900036617, 42.33820200005326],
						[-71.03105999994195, 42.33821900025686],
						[-71.02999000043735, 42.33823099973379],
						[-71.02931699969449, 42.33823799981497],
						[-71.02880000038385, 42.338247999929564],
						[-71.02725499960479, 42.33827100018716],
						[-71.02679299964744, 42.338290999740224],
						[-71.02621699988725, 42.33830099984643],
						[-71.02593300020513, 42.338305999898914],
						[-71.0252260000254, 42.33832600010493],
						[-71.02513300013896, 42.338309999940606],
						[-71.02518599984242, 42.33843499978774],
						[-71.02519400023834, 42.33959700014869],
						[-71.02512499974304, 42.34150900029334],
						[-71.025353000247, 42.341581999951906],
						[-71.0256000001192, 42.34163599967206],
						[-71.0261700000316, 42.34164799982492],
						[-71.0263399999109, 42.34161399993922],
						[-71.02638699976657, 42.341580999993525],
						[-71.02652700040696, 42.341327000093344],
						[-71.02689700030281, 42.34127100018121],
						[-71.02703500039507, 42.341273000107755],
						[-71.0273120004045, 42.34139800004065],
						[-71.02765100033824, 42.34146000026575],
						[-71.02771300026251, 42.341513000131286],
						[-71.02777400036189, 42.34168700013986],
						[-71.02783499956294, 42.341731000210764],
						[-71.02822100025062, 42.34176999981023],
						[-71.02928499990743, 42.34176000025575],
						[-71.0294239998246, 42.34163599967206],
						[-71.0295019996424, 42.341381999994056],
						[-71.02951699971102, 42.34024700020243],
						[-71.03037200002878, 42.34024600022283],
						[-71.03041399986158, 42.34165400023249],
						[-71.03056899967227, 42.34165300027525],
						[-71.03247799960108, 42.34164000016596],
						[-71.0324800001492, 42.341522999725036],
						[-71.03380300027213, 42.341485999892186],
						[-71.03380099972397, 42.34044099992779],
						[-71.03470999957008, 42.34044799976295],
						[-71.03471100029331, 42.34066400026905],
						[-71.03521599990837, 42.34066400026905],
						[-71.03522500012922, 42.34132100031857],
						[-71.03520800041078, 42.34132100031857],
						[-71.03520599986264, 42.341628000011575],
						[-71.03522199975616, 42.34165900001835],
						[-71.03526799978691, 42.34168500022644],
						[-71.0357459996378, 42.341684000269744],
						[-71.0359149996922, 42.34168300031299],
						[-71.0362389995573, 42.34164100012335],
						[-71.03734599977012, 42.341608000191826],
						[-71.0376880000769, 42.34159699998947],
						[-71.03775099982609, 42.34159600003134],
						[-71.0381950002401, 42.34159699998947],
						[-71.03906599955306, 42.341599999863796],
						[-71.0393640003772, 42.340333999694636],
						[-71.03941000040795, 42.340170999715596],
						[-71.03948599967762, 42.34004799996495],
						[-71.03954199975412, 42.34000600001118],
						[-71.03963299999072, 42.339964000029354],
						[-71.03977600010586, 42.33992499997366],
						[-71.03991699967284, 42.339905000276275],
						[-71.03991800039607, 42.33946799998767],
						[-71.03987099964209, 42.33941899969755],
						[-71.03990300032746, 42.33933800023191],
						[-71.03996600007665, 42.339029999983104],
						[-71.03996799972647, 42.338679000037736],
						[-71.03997699994731, 42.338467000048645],
						[-71.0399989996886, 42.33843599979615],
						[-71.04004200024463, 42.338466000040725],
						[-71.04007999987948, 42.33866399996806],
						[-71.04008999992521, 42.33888399996763],
						[-71.04013500013106, 42.33916699968937],
						[-71.04021100029902, 42.339364000071754],
						[-71.04030300036054, 42.33947899989846],
						[-71.04042600038419, 42.33955799986542],
						[-71.0405960002635, 42.33956899976048],
						[-71.040688000325, 42.33954899994982],
						[-71.04084300013571, 42.339434000251146],
						[-71.04092099995351, 42.339283999866176],
						[-71.04090599988488, 42.33905399995321],
						[-71.0409829998778, 42.33894000001364],
						[-71.04104599962697, 42.33894400001501],
						[-71.04123700032099, 42.33904699996287],
						[-71.0413989998044, 42.33913599978196],
						[-71.04147599979729, 42.3391930002639],
						[-71.04161399988956, 42.33938799991438],
						[-71.04169099988245, 42.33944600016023],
						[-71.04182999979963, 42.339483999857286],
						[-71.0419059999676, 42.33952700015078],
						[-71.04219200019787, 42.339576999682976],
						[-71.04337300003053, 42.33852999985068]
					]
				]
			},
			"properties": {
				"GEOID": "250259812021",
				"TRACT": "981202",
				"BLKGRP": "1",
				"AREALAND": 465353
			}
		},
		{
			"type": "Feature",
			"geometry": {
				"type": "Polygon",
				"coordinates": [
					[
						[-71.04426900035618, 42.33546999991562],
						[-71.04425299956434, 42.335001000000155],
						[-71.04423900021894, 42.334586999775055],
						[-71.04420200040903, 42.3337700000272],
						[-71.04419999986088, 42.33335600033156],
						[-71.04417899994449, 42.33312900026559],
						[-71.04416100040115, 42.33293800018389],
						[-71.04416499970078, 42.33278700014336],
						[-71.04416700024893, 42.33272100026688],
						[-71.04413700011169, 42.3321320001333],
						[-71.04295600027903, 42.33215399986312],
						[-71.04260899994938, 42.332170999709454],
						[-71.04202200031855, 42.332175000141376],
						[-71.04144599966007, 42.332187000107524],
						[-71.04145400005598, 42.33240800029185],
						[-71.04146199955359, 42.33260499993376],
						[-71.04147900017034, 42.33301600030472],
						[-71.04149500006386, 42.333421000117674],
						[-71.0415109999574, 42.33382700006057],
						[-71.04153000022397, 42.334662000301854],
						[-71.04155000031545, 42.33551799990788],
						[-71.04426900035618, 42.33546999991562]
					]
				]
			},
			"properties": { "GEOID": "250250604001", "TRACT": "060400", "BLKGRP": "1", "AREALAND": 82503 }
		},
		{
			"type": "Feature",
			"geometry": {
				"type": "Polygon",
				"coordinates": [
					[
						[-71.04159499962299, 42.3372080000777],
						[-71.04158600030047, 42.336570000277355],
						[-71.04158399975232, 42.336396000053576],
						[-71.04157299988167, 42.33610099993277],
						[-71.0415610001861, 42.33579399981653],
						[-71.04155000031545, 42.33551799990788],
						[-71.04073199980763, 42.33553099995481],
						[-71.03996100005376, 42.335550999715295],
						[-71.03743100015895, 42.335587999720275],
						[-71.03743899965654, 42.33612999991816],
						[-71.03745399972516, 42.33646300009752],
						[-71.03747600036479, 42.33728300013486],
						[-71.03871999994665, 42.33725700009862],
						[-71.03926399991978, 42.337245999799116],
						[-71.03997399957424, 42.33723200007917],
						[-71.04048599976032, 42.33722699994128],
						[-71.04159499962299, 42.3372080000777]
					]
				]
			},
			"properties": { "GEOID": "250250605012", "TRACT": "060501", "BLKGRP": "2", "AREALAND": 63781 }
		},
		{
			"type": "Feature",
			"geometry": {
				"type": "Polygon",
				"coordinates": [
					[
						[-71.03334600033762, 42.3356610002764],
						[-71.03332299987309, 42.33479900022757],
						[-71.03331200000244, 42.33461699986371],
						[-71.03330000030687, 42.3339780002605],
						[-71.03329100008605, 42.333459000135186],
						[-71.03328000021538, 42.333145999848405],
						[-71.03259099957899, 42.333155000016326],
						[-71.03236100032353, 42.33315800029338],
						[-71.03189599999311, 42.3331689999798],
						[-71.03188500012247, 42.332351000300584],
						[-71.0311910003615, 42.33235999991817],
						[-71.0312259996233, 42.333186000215875],
						[-71.03124099969192, 42.333618999991955],
						[-71.0312540001107, 42.33400200016654],
						[-71.03128300042303, 42.33483199974824],
						[-71.0292120001125, 42.3348610003188],
						[-71.0292339998538, 42.33572899982677],
						[-71.03129099992063, 42.33569600011276],
						[-71.03334600033762, 42.3356610002764]
					]
				]
			},
			"properties": { "GEOID": "250250602001", "TRACT": "060200", "BLKGRP": "1", "AREALAND": 68648 }
		},
		{
			"type": "Feature",
			"geometry": {
				"type": "Polygon",
				"coordinates": [
					[
						[-71.04507199989706, 42.3358069998064],
						[-71.04544400034106, 42.33545200024107],
						[-71.04426900035618, 42.33546999991562],
						[-71.04155000031545, 42.33551799990788],
						[-71.0415610001861, 42.33579399981653],
						[-71.04157299988167, 42.33610099993277],
						[-71.04158399975232, 42.336396000053576],
						[-71.04158600030047, 42.336570000277355],
						[-71.04159499962299, 42.3372080000777],
						[-71.04048599976032, 42.33722699994128],
						[-71.03997399957424, 42.33723200007917],
						[-71.03926399991978, 42.337245999799116],
						[-71.03871999994665, 42.33725700009862],
						[-71.03747600036479, 42.33728300013486],
						[-71.03752200039554, 42.33809499999419],
						[-71.03779299965888, 42.33809099993878],
						[-71.03876900035046, 42.33807699974291],
						[-71.03999200001591, 42.3380550000929],
						[-71.04052000009553, 42.33804799999135],
						[-71.04160600039194, 42.338027999696926],
						[-71.04247500005509, 42.33801000009055],
						[-71.04330299971035, 42.337270999813],
						[-71.04361099968192, 42.33699000025358],
						[-71.04395299998868, 42.33671300024585],
						[-71.04427400037905, 42.33644099988281],
						[-71.04441199957299, 42.336325999812466],
						[-71.04461499996258, 42.33616600020204],
						[-71.04507199989706, 42.3358069998064]
					]
				]
			},
			"properties": { "GEOID": "250250605013", "TRACT": "060501", "BLKGRP": "3", "AREALAND": 85086 }
		},
		{
			"type": "Feature",
			"geometry": {
				"type": "Polygon",
				"coordinates": [
					[
						[-71.0312259996233, 42.333186000215875],
						[-71.0311910003615, 42.33235999991817],
						[-71.03118700016356, 42.33195399980244],
						[-71.03118399979051, 42.33154399991461],
						[-71.03115899967615, 42.33082899981416],
						[-71.03114299978262, 42.330653000044755],
						[-71.0306630002819, 42.330879000285194],
						[-71.02953299960456, 42.33143199988219],
						[-71.02910300033255, 42.33162600023881],
						[-71.02864600039807, 42.33182200022424],
						[-71.02807399993753, 42.33205699990979],
						[-71.02708399990057, 42.33240899973202],
						[-71.02638799959149, 42.33261699981782],
						[-71.02515499988027, 42.332923000072945],
						[-71.02500099989449, 42.333021000113376],
						[-71.0250090002904, 42.333281000239495],
						[-71.0258749995805, 42.33327300018012],
						[-71.02598199971061, 42.333272000089664],
						[-71.02710499981697, 42.33325000008677],
						[-71.02822899974824, 42.33322399971129],
						[-71.02917100010461, 42.33321300003445],
						[-71.02970000000913, 42.333206000058],
						[-71.0312259996233, 42.333186000215875]
					]
				]
			},
			"properties": { "GEOID": "250250601014", "TRACT": "060101", "BLKGRP": "4", "AREALAND": 72390 }
		},
		{
			"type": "Feature",
			"geometry": {
				"type": "Polygon",
				"coordinates": [
					[
						[-71.03731399998307, 42.332264999831544],
						[-71.03729100041686, 42.33143199988219],
						[-71.03726799995232, 42.33060699992576],
						[-71.03725700008167, 42.33019400013664],
						[-71.03724299983797, 42.329707000068964],
						[-71.03724799986085, 42.32952500024454],
						[-71.03707600033172, 42.32948599969182],
						[-71.03646000038856, 42.329393999705616],
						[-71.03604399956363, 42.3293479999941],
						[-71.0355909998271, 42.329332999691054],
						[-71.03520699968755, 42.32935000029984],
						[-71.03521300043364, 42.329521999794174],
						[-71.03524699987052, 42.33064199991833],
						[-71.03527199998486, 42.33147499970478],
						[-71.03529600027433, 42.33229300015159],
						[-71.03586399963858, 42.33228499996654],
						[-71.03731399998307, 42.332264999831544]
					]
				]
			},
			"properties": { "GEOID": "250250603012", "TRACT": "060301", "BLKGRP": "2", "AREALAND": 53482 }
		},
		{
			"type": "Feature",
			"geometry": {
				"type": "Polygon",
				"coordinates": [
					[
						[-71.03548600024511, 42.33814099994877],
						[-71.03546500032871, 42.33731699970635],
						[-71.03461099983588, 42.337318999758715],
						[-71.03339300019329, 42.33733700022692],
						[-71.03337099955365, 42.33652799999263],
						[-71.03334600033762, 42.3356610002764],
						[-71.03129099992063, 42.33569600011276],
						[-71.0292339998538, 42.33572899982677],
						[-71.02926099961797, 42.33659099974517],
						[-71.02929499995318, 42.33741900030257],
						[-71.02931699969449, 42.33823799981497],
						[-71.02999000043735, 42.33823099973379],
						[-71.03105999994195, 42.33821900025686],
						[-71.03189900036617, 42.33820200005326],
						[-71.03260800019574, 42.3381819998078],
						[-71.03340999991173, 42.338170000321526],
						[-71.03422800041955, 42.338150000065895],
						[-71.03548600024511, 42.33814099994877]
					]
				]
			},
			"properties": {
				"GEOID": "250250605014",
				"TRACT": "060501",
				"BLKGRP": "4",
				"AREALAND": 110154
			}
		},
		{
			"type": "Feature",
			"geometry": {
				"type": "Polygon",
				"coordinates": [
					[
						[-71.04155000031545, 42.33551799990788],
						[-71.04153000022397, 42.334662000301854],
						[-71.0415109999574, 42.33382700006057],
						[-71.03995299965784, 42.33385699984768],
						[-71.03888499980309, 42.33387000023797],
						[-71.03735900018893, 42.3339010000851],
						[-71.03534399995489, 42.33393600023687],
						[-71.03509100023491, 42.333940999972384],
						[-71.03427699992505, 42.3339579999998],
						[-71.03330000030687, 42.3339780002605],
						[-71.03331200000244, 42.33461699986371],
						[-71.03332299987309, 42.33479900022757],
						[-71.03334600033762, 42.3356610002764],
						[-71.03542099994777, 42.33562999996874],
						[-71.03638300039566, 42.33561000023334],
						[-71.03743100015895, 42.335587999720275],
						[-71.03996100005376, 42.335550999715295],
						[-71.04073199980763, 42.33553099995481],
						[-71.04155000031545, 42.33551799990788]
					]
				]
			},
			"properties": {
				"GEOID": "250250603013",
				"TRACT": "060301",
				"BLKGRP": "3",
				"AREALAND": 127127
			}
		},
		{
			"type": "Feature",
			"geometry": {
				"type": "Polygon",
				"coordinates": [
					[
						[-71.06096799966666, 42.35277200015192],
						[-71.06105100040564, 42.35251600008933],
						[-71.06066600044117, 42.35254799982227],
						[-71.06057000018171, 42.352550000053974],
						[-71.060119000095, 42.35255800031633],
						[-71.05982799984186, 42.35254799982227],
						[-71.05934800034116, 42.352507000037036],
						[-71.05863799978837, 42.35244599986995],
						[-71.05839799958885, 42.35240100020932],
						[-71.05825899967166, 42.35238200028397],
						[-71.05820099994536, 42.35237300021248],
						[-71.05809200016542, 42.35236000032824],
						[-71.05800900032473, 42.35234999980268],
						[-71.05784600011812, 42.352423999936626],
						[-71.05758800037525, 42.35250300023467],
						[-71.05719500001487, 42.35260700032442],
						[-71.05703400035638, 42.35265199983751],
						[-71.05647399959142, 42.35280299997464],
						[-71.0563389998722, 42.35284899979044],
						[-71.0562459999858, 42.35290299979102],
						[-71.05565199978395, 42.353086000111844],
						[-71.05530600017755, 42.35321099979252],
						[-71.05499800020596, 42.3533500000059],
						[-71.0546769998156, 42.353517999843874],
						[-71.05409400038272, 42.35384000015909],
						[-71.05391199990953, 42.35394400002797],
						[-71.0538469996122, 42.35387999997583],
						[-71.05376200012171, 42.353796999696996],
						[-71.05363700044823, 42.35367999997365],
						[-71.05361200033389, 42.35365499984564],
						[-71.05337799998216, 42.35376900032207],
						[-71.05284499987968, 42.354027000112666],
						[-71.0515290003278, 42.35467200026629],
						[-71.05141399980177, 42.35475799996362],
						[-71.05117199995242, 42.35498999967177],
						[-71.05105999979942, 42.35513100008321],
						[-71.05092199970716, 42.355574000113144],
						[-71.05088099969929, 42.35576999980425],
						[-71.05084999973712, 42.35596799967088],
						[-71.05079000036099, 42.3563780002946],
						[-71.05077000026952, 42.35667300020585],
						[-71.05078399961491, 42.35703200028648],
						[-71.05080899972926, 42.35715200020375],
						[-71.05089699959281, 42.35733500010104],
						[-71.05092599990512, 42.3573850000746],
						[-71.05099399967719, 42.357468000261505],
						[-71.05111599987592, 42.35757800031629],
						[-71.05120899976232, 42.35767900020305],
						[-71.05127200040984, 42.357755000102834],
						[-71.05133900035699, 42.357877999728395],
						[-71.0514459995888, 42.358265999959585],
						[-71.05158200003125, 42.3587619997226],
						[-71.05165200035144, 42.35875099986667],
						[-71.0517839996976, 42.35872900014903],
						[-71.051992999935, 42.35869399985817],
						[-71.05215799979142, 42.358666000009784],
						[-71.05219799997438, 42.358659999898414],
						[-71.05229400023386, 42.35864600030006],
						[-71.0527489996202, 42.35857600027026],
						[-71.05319200020931, 42.35849599995106],
						[-71.05324800028582, 42.35847800023031],
						[-71.05332100008074, 42.35845500006331],
						[-71.05351799972425, 42.35835600014306],
						[-71.05376499959644, 42.35818300016288],
						[-71.05396100031334, 42.35801199976428],
						[-71.05426500008696, 42.35773700016983],
						[-71.05436999966894, 42.35766199995088],
						[-71.05452399965472, 42.35755099967494],
						[-71.05484800041815, 42.35734999969898],
						[-71.05501999994728, 42.35724499978287],
						[-71.0551899998266, 42.3571430001515],
						[-71.05553899980605, 42.35697099986458],
						[-71.05575899991408, 42.35691299985463],
						[-71.05629200001655, 42.35687399969195],
						[-71.05658999994237, 42.356851999981],
						[-71.05719099981691, 42.35682199987992],
						[-71.05770999967568, 42.35677700003342],
						[-71.05777300032318, 42.356290999770586],
						[-71.0578090003082, 42.35601800006826],
						[-71.05784699994304, 42.35585000027475],
						[-71.05787000040758, 42.35578900003308],
						[-71.05790399984443, 42.35569900015609],
						[-71.05802199984521, 42.35548999967909],
						[-71.05814499986887, 42.35534400004829],
						[-71.05839599993904, 42.35507100021516],
						[-71.05856800036648, 42.35488600020609],
						[-71.05900199983644, 42.35449499976234],
						[-71.05941600011323, 42.35434599988181],
						[-71.05965700013763, 42.35413299985347],
						[-71.05994500001773, 42.353851000210796],
						[-71.06024799996644, 42.353554999898016],
						[-71.06052800034892, 42.35326899989981],
						[-71.06060899964146, 42.353186999915614],
						[-71.06077600004603, 42.353036000037186],
						[-71.06090599974239, 42.35289000001641],
						[-71.06096799966666, 42.35277200015192]
					]
				]
			},
			"properties": {
				"GEOID": "250250701042",
				"TRACT": "070104",
				"BLKGRP": "2",
				"AREALAND": 308631
			}
		},
		{
			"type": "Feature",
			"geometry": {
				"type": "Polygon",
				"coordinates": [
					[
						[-71.06171599985427, 42.3439639997269],
						[-71.0615200000357, 42.34392999976568],
						[-71.06142399977624, 42.34390299990054],
						[-71.06129300025498, 42.34387099975033],
						[-71.06125700026996, 42.3438629997102],
						[-71.0611469997668, 42.343834999893765],
						[-71.0610970004364, 42.34382300015832],
						[-71.06099100013118, 42.34379600024729],
						[-71.06090599974239, 42.343774999865786],
						[-71.06060899964146, 42.343718000217685],
						[-71.06051699957995, 42.34388599990578],
						[-71.0603869998836, 42.34407899977188],
						[-71.06017799964624, 42.3443280002685],
						[-71.05982100016918, 42.3447149999228],
						[-71.05964000041921, 42.344859999771685],
						[-71.05956099987819, 42.34492500028222],
						[-71.05936800043264, 42.34509499986971],
						[-71.05927100034828, 42.3451019998507],
						[-71.0591059995935, 42.34520499967025],
						[-71.05899699981356, 42.345268000024674],
						[-71.05893400006437, 42.34532000010102],
						[-71.05882000026155, 42.34544499995532],
						[-71.05875699961405, 42.34555399991223],
						[-71.05866299990272, 42.34556400019119],
						[-71.05843100009912, 42.34560200017441],
						[-71.05837400019772, 42.345620000263324],
						[-71.05814300021903, 42.34564700005502],
						[-71.0576539995992, 42.34577700004543],
						[-71.0568319997917, 42.34601299992323],
						[-71.05647000029178, 42.34611100014668],
						[-71.05617200036595, 42.346263999831045],
						[-71.05446900030145, 42.34677799979751],
						[-71.05478800014369, 42.346871000121354],
						[-71.05472299984636, 42.34703800014337],
						[-71.05472100019654, 42.34708300032385],
						[-71.05477100042525, 42.34725300005114],
						[-71.05462699958687, 42.34741700012566],
						[-71.05218600027884, 42.3509220001608],
						[-71.05218799992865, 42.35112099983843],
						[-71.05208499999648, 42.351222000144325],
						[-71.05146300020554, 42.351931999778294],
						[-71.05146099965741, 42.35203300010876],
						[-71.05136100009831, 42.35213299982254],
						[-71.05003899980032, 42.35385499992737],
						[-71.04996099998252, 42.353955999823036],
						[-71.04968499979799, 42.354310999805136],
						[-71.04959500028463, 42.35449699993207],
						[-71.05043399981054, 42.35484599970192],
						[-71.05047099962046, 42.35489799982129],
						[-71.05089199956993, 42.35505999971314],
						[-71.05105999979942, 42.35513100008321],
						[-71.05117199995242, 42.35498999967177],
						[-71.05141399980177, 42.35475799996362],
						[-71.0515290003278, 42.35467200026629],
						[-71.05284499987968, 42.354027000112666],
						[-71.05337799998216, 42.35376900032207],
						[-71.05361200033389, 42.35365499984564],
						[-71.05363700044823, 42.35367999997365],
						[-71.05376200012171, 42.353796999696996],
						[-71.0538469996122, 42.35387999997583],
						[-71.05391199990953, 42.35394400002797],
						[-71.05409400038272, 42.35384000015909],
						[-71.0546769998156, 42.353517999843874],
						[-71.05499800020596, 42.3533500000059],
						[-71.05530600017755, 42.35321099979252],
						[-71.05565199978395, 42.353086000111844],
						[-71.0562459999858, 42.35290299979102],
						[-71.0563389998722, 42.35284899979044],
						[-71.05647399959142, 42.35280299997464],
						[-71.05703400035638, 42.35265199983751],
						[-71.05719500001487, 42.35260700032442],
						[-71.05758800037525, 42.35250300023467],
						[-71.05784600011812, 42.352423999936626],
						[-71.05800900032473, 42.35234999980268],
						[-71.05817099980813, 42.3522879996951],
						[-71.05841400038068, 42.352151999823164],
						[-71.05859599995557, 42.35203300010876],
						[-71.05878500010145, 42.351882000113314],
						[-71.05896800039955, 42.35170000006758],
						[-71.05914199957851, 42.35148100023315],
						[-71.05925600027965, 42.351284999779715],
						[-71.05933200044763, 42.35111099977957],
						[-71.05937500010533, 42.35112000003177],
						[-71.05950800017472, 42.35114899972913],
						[-71.05954400015973, 42.351041999794944],
						[-71.05981299977324, 42.35013900014356],
						[-71.05973300030563, 42.35011300011219],
						[-71.05967700022912, 42.35009899993762],
						[-71.05961799977958, 42.35008399993684],
						[-71.0595130001976, 42.350063000328014],
						[-71.05895300033093, 42.34993600004683],
						[-71.0590770001795, 42.34962600026923],
						[-71.0592100002489, 42.34929499976133],
						[-71.05929399991449, 42.34914600016728],
						[-71.05939799967156, 42.348894999816316],
						[-71.0594010000446, 42.348768999674895],
						[-71.05944000040266, 42.348693000194615],
						[-71.0593869998009, 42.34868100005864],
						[-71.05920400040112, 42.34873799985433],
						[-71.05909800009589, 42.348767999830834],
						[-71.05900199983644, 42.348775999910664],
						[-71.0587940003223, 42.34879500026219],
						[-71.05847999960461, 42.34875199966811],
						[-71.0582810003113, 42.34868900014955],
						[-71.05819599992248, 42.348651000040576],
						[-71.05815200043986, 42.348628000260476],
						[-71.05799099988307, 42.34849800019056],
						[-71.05787200005739, 42.34840200006851],
						[-71.05781699980581, 42.348344999968155],
						[-71.05779199969145, 42.34831200023586],
						[-71.05772200026955, 42.34818200017635],
						[-71.05766199999512, 42.348079999778015],
						[-71.05761500013944, 42.34796300003505],
						[-71.0574850004431, 42.3476579997948],
						[-71.05756699956054, 42.3473730000505],
						[-71.05760300044388, 42.347273000066956],
						[-71.05766299982001, 42.34715899975888],
						[-71.05771600042178, 42.347071999751584],
						[-71.05781299960785, 42.34695400025136],
						[-71.05787899973008, 42.346873999744034],
						[-71.05795300024823, 42.346801000254544],
						[-71.05800900032473, 42.34675099982767],
						[-71.05808700014254, 42.346696999853144],
						[-71.05818800042488, 42.34664000019858],
						[-71.05832200031918, 42.34658600012871],
						[-71.05856599981834, 42.346483999796405],
						[-71.05878900029941, 42.34615700021246],
						[-71.05910999979147, 42.346152000120334],
						[-71.05933599974728, 42.34615100023464],
						[-71.05977199976537, 42.34616800028094],
						[-71.05981399959816, 42.34616699973156],
						[-71.06001699998775, 42.34618000023269],
						[-71.0601180002701, 42.346187000092876],
						[-71.06021299980634, 42.34619499983723],
						[-71.06047800012021, 42.346226000247974],
						[-71.060591999923, 42.34623999995726],
						[-71.06070499990092, 42.34625299977941],
						[-71.06076199980232, 42.34607700001872],
						[-71.06091099976524, 42.34570900007373],
						[-71.06093400022978, 42.345653999974495],
						[-71.06128900005702, 42.34480999979291],
						[-71.06171599985427, 42.3439639997269]
					]
				]
			},
			"properties": {
				"GEOID": "250250701041",
				"TRACT": "070104",
				"BLKGRP": "1",
				"AREALAND": 368819
			}
		},
		{
			"type": "Feature",
			"geometry": {
				"type": "Polygon",
				"coordinates": [
					[
						[-71.05725500028933, 42.344537000017404],
						[-71.05724699989341, 42.34417800027143],
						[-71.05724100004562, 42.34398099970063],
						[-71.05722599997702, 42.34354000014536],
						[-71.05690299993681, 42.34347400026648],
						[-71.0562390003131, 42.3433179999756],
						[-71.05521499994094, 42.343067000257115],
						[-71.05492100021307, 42.3429929997309],
						[-71.0542890003764, 42.34285900020735],
						[-71.05315200002633, 42.342600999725704],
						[-71.05301300010917, 42.342549999999335],
						[-71.05290199978108, 42.342495999736144],
						[-71.05287099981895, 42.34247600019255],
						[-71.05279800002401, 42.342426000309686],
						[-71.05235699998305, 42.342123000328364],
						[-71.051924000338, 42.34252999980888],
						[-71.0517829998727, 42.34263800023039],
						[-71.05171500010063, 42.34267599999029],
						[-71.05168999998627, 42.34267599999029],
						[-71.0516420003057, 42.342664999974836],
						[-71.0513950004335, 42.34249000007292],
						[-71.0508749998515, 42.34215000029392],
						[-71.05015900034924, 42.34169299987971],
						[-71.04977799968441, 42.342024999864115],
						[-71.04945399981932, 42.3423080000567],
						[-71.04938799969706, 42.342359999925364],
						[-71.04998899957161, 42.34279799997285],
						[-71.05071599984284, 42.34329999989158],
						[-71.05099100020244, 42.34348899985272],
						[-71.05111900024896, 42.34360100032387],
						[-71.05116899957936, 42.34364399979373],
						[-71.05134500020479, 42.343798000093514],
						[-71.05097000028604, 42.34409299995928],
						[-71.05078100014016, 42.344252000066845],
						[-71.05015299960314, 42.34478199973427],
						[-71.04899799970973, 42.3457369997195],
						[-71.04836000002528, 42.34628400016151],
						[-71.04790899993856, 42.34667200026726],
						[-71.0476920002036, 42.34685600001418],
						[-71.0470860003062, 42.34736600032238],
						[-71.04686700002307, 42.34755000002978],
						[-71.04663799969421, 42.3477429999343],
						[-71.04652300006649, 42.347841999975316],
						[-71.04651700021871, 42.34785500013011],
						[-71.04644500024868, 42.34795700022961],
						[-71.04617499991194, 42.3481770002453],
						[-71.04608399967535, 42.348255000053946],
						[-71.04612300003342, 42.34827099967924],
						[-71.04620300039934, 42.348307000315145],
						[-71.04639300037014, 42.34839099972706],
						[-71.04658199961773, 42.348476000203206],
						[-71.04672499973286, 42.348547999891814],
						[-71.0476360001271, 42.348963000325135],
						[-71.04785299986207, 42.34911899988668],
						[-71.04791399996144, 42.3491450003292],
						[-71.04900799975547, 42.34965000017812],
						[-71.05099899970004, 42.35056800010453],
						[-71.05109900015749, 42.35062299988774],
						[-71.0511569998838, 42.350648999708156],
						[-71.05218799992865, 42.35112099983843],
						[-71.05218600027884, 42.3509220001608],
						[-71.05462699958687, 42.34741700012566],
						[-71.05477100042525, 42.34725300005114],
						[-71.05472100019654, 42.34708300032385],
						[-71.05472299984636, 42.34703800014337],
						[-71.05478800014369, 42.346871000121354],
						[-71.05446900030145, 42.34677799979751],
						[-71.05617200036595, 42.346263999831045],
						[-71.05647000029178, 42.34611100014668],
						[-71.05704500022703, 42.34561600002271],
						[-71.05723699984766, 42.34487299987915],
						[-71.05725500028933, 42.344537000017404]
					]
				]
			},
			"properties": {
				"GEOID": "250250612041",
				"TRACT": "061204",
				"BLKGRP": "1",
				"AREALAND": 412237
			}
		},
		{
			"type": "Feature",
			"geometry": {
				"type": "Polygon",
				"coordinates": [
					[
						[-71.04996099998252, 42.353955999823036],
						[-71.05003899980032, 42.35385499992737],
						[-71.04912300028153, 42.35339399988041],
						[-71.04844200004104, 42.3530509999974],
						[-71.04785100021225, 42.352754000119404],
						[-71.04755099973828, 42.35261599969853],
						[-71.04670499964136, 42.352226999979344],
						[-71.0461790001099, 42.35198500010996],
						[-71.04604199984254, 42.35192199984847],
						[-71.04556999983944, 42.351704999718415],
						[-71.04523400027877, 42.35154999973586],
						[-71.04495899991916, 42.35142299980358],
						[-71.04475100040501, 42.35132899977212],
						[-71.04444599990819, 42.351192999816746],
						[-71.04440099970233, 42.351171999914584],
						[-71.04435999969446, 42.35115400008768],
						[-71.044130000439, 42.351051000057026],
						[-71.04411299982225, 42.35104899977758],
						[-71.04391500035385, 42.35102000003409],
						[-71.04342699955889, 42.350765999762835],
						[-71.04319800012836, 42.35064700007986],
						[-71.04280999979085, 42.350468999709506],
						[-71.0425319999565, 42.35034200024859],
						[-71.04200999972468, 42.35011399993486],
						[-71.0416239999353, 42.34994799994322],
						[-71.04104200032734, 42.34970999991025],
						[-71.04076299976977, 42.34959600003831],
						[-71.04013099993308, 42.34933700014899],
						[-71.03998899964286, 42.34927600022485],
						[-71.03962600031802, 42.34909099975555],
						[-71.03898199988747, 42.34883700032002],
						[-71.03820699993565, 42.34853300018478],
						[-71.03749800010608, 42.348255999906115],
						[-71.03737799955718, 42.34821000004846],
						[-71.03726100027963, 42.34816599986448],
						[-71.0364350002742, 42.34785400027151],
						[-71.03626799986964, 42.34779900005712],
						[-71.03614499984596, 42.34780400001824],
						[-71.03602199982232, 42.34774600017929],
						[-71.03598699966223, 42.34770300019542],
						[-71.03577800032316, 42.34775699996968],
						[-71.03540000003139, 42.3482230001271],
						[-71.0353580001986, 42.34818200017635],
						[-71.03504600002907, 42.348542999989874],
						[-71.0349210003556, 42.348664999873776],
						[-71.03340400006395, 42.350863999879294],
						[-71.03321300026823, 42.35071500002111],
						[-71.03479099976094, 42.34857899980607],
						[-71.03408000028155, 42.348267000271235],
						[-71.03347299966092, 42.34862299970103],
						[-71.03314700014599, 42.34905200005004],
						[-71.03278599957265, 42.34956000014063],
						[-71.03257899988343, 42.349798000077634],
						[-71.03222300023127, 42.350281999791974],
						[-71.03211500027624, 42.35029699974555],
						[-71.03136899973843, 42.34997000007929],
						[-71.03128800044588, 42.350042999872116],
						[-71.0310010003907, 42.350336000006365],
						[-71.03081499971957, 42.35053600002743],
						[-71.03061600042626, 42.35074099980347],
						[-71.03048500000668, 42.35090100016809],
						[-71.03021700021809, 42.3512260000282],
						[-71.02999799993496, 42.351512999829104],
						[-71.0298809997591, 42.351684999784936],
						[-71.02979500044368, 42.35178899990045],
						[-71.03035500031035, 42.35215400006751],
						[-71.0324220004229, 42.35309100031629],
						[-71.03777400029063, 42.35476899985469],
						[-71.04291400044622, 42.356251999885714],
						[-71.0458279995823, 42.35722699970378],
						[-71.04556399999167, 42.358246000122556],
						[-71.04556599964148, 42.35973299975483],
						[-71.0490730000528, 42.35493900003829],
						[-71.04933300034381, 42.35458500003584],
						[-71.049396000093, 42.354497999685],
						[-71.04959500028463, 42.35449699993207],
						[-71.04968499979799, 42.354310999805136],
						[-71.04996099998252, 42.353955999823036]
					]
				]
			},
			"properties": {
				"GEOID": "250250606041",
				"TRACT": "060604",
				"BLKGRP": "1",
				"AREALAND": 298363
			}
		},
		{
			"type": "Feature",
			"geometry": {
				"type": "Polygon",
				"coordinates": [
					[
						[-71.05134500020479, 42.343798000093514],
						[-71.05116899957936, 42.34364399979373],
						[-71.05111900024896, 42.34360100032387],
						[-71.05099100020244, 42.34348899985272],
						[-71.05071599984284, 42.34329999989158],
						[-71.04998899957161, 42.34279799997285],
						[-71.04938799969706, 42.342359999925364],
						[-71.04945399981932, 42.3423080000567],
						[-71.04977799968441, 42.342024999864115],
						[-71.05015900034924, 42.34169299987971],
						[-71.04942000038243, 42.341210999698255],
						[-71.04920199992424, 42.341068999965096],
						[-71.04860299969951, 42.340683999725066],
						[-71.04707200006249, 42.33970099967923],
						[-71.04627899966901, 42.34037300016062],
						[-71.04489600016997, 42.34153399994034],
						[-71.04383800036096, 42.342446999813816],
						[-71.04341099966538, 42.34279099973533],
						[-71.04290600005031, 42.34322800016795],
						[-71.04140600037542, 42.344526000327505],
						[-71.0413350002303, 42.34450700001358],
						[-71.04121399985647, 42.34448499995738],
						[-71.04107900013727, 42.34446600029497],
						[-71.03974099994574, 42.34448400004517],
						[-71.03949300024864, 42.344486999781694],
						[-71.04001299993233, 42.344828000108535],
						[-71.04042499966096, 42.3450939999672],
						[-71.04061999965462, 42.34522100007188],
						[-71.0420809998698, 42.34616699973156],
						[-71.04214500034222, 42.34620099981084],
						[-71.04220399989343, 42.346233000103034],
						[-71.04225400012216, 42.34626000029535],
						[-71.04298499969302, 42.346652000060246],
						[-71.04377499971345, 42.34706699973224],
						[-71.04388600004152, 42.34712500019772],
						[-71.04406400031677, 42.34721800000817],
						[-71.044122999868, 42.34724999978267],
						[-71.04545000018884, 42.34794800018844],
						[-71.04548399962573, 42.34796499974873],
						[-71.04554499972508, 42.34799599995056],
						[-71.04570499955867, 42.34807599969393],
						[-71.0459609996517, 42.34819699996713],
						[-71.04608399967535, 42.348255000053946],
						[-71.04617499991194, 42.3481770002453],
						[-71.04644500024868, 42.34795700022961],
						[-71.04651700021871, 42.34785500013011],
						[-71.04652300006649, 42.347841999975316],
						[-71.04663799969421, 42.3477429999343],
						[-71.04686700002307, 42.34755000002978],
						[-71.0470860003062, 42.34736600032238],
						[-71.0476920002036, 42.34685600001418],
						[-71.04790899993856, 42.34667200026726],
						[-71.04836000002528, 42.34628400016151],
						[-71.04899799970973, 42.3457369997195],
						[-71.05015299960314, 42.34478199973427],
						[-71.05078100014016, 42.344252000066845],
						[-71.05097000028604, 42.34409299995928],
						[-71.05134500020479, 42.343798000093514]
					]
				]
			},
			"properties": {
				"GEOID": "250250606021",
				"TRACT": "060602",
				"BLKGRP": "1",
				"AREALAND": 432113
			}
		},
		{
			"type": "Feature",
			"geometry": {
				"type": "Polygon",
				"coordinates": [
					[
						[-71.0475659998069, 42.34905900025434],
						[-71.0476360001271, 42.348963000325135],
						[-71.04672499973286, 42.348547999891814],
						[-71.04658199961773, 42.348476000203206],
						[-71.04639300037014, 42.34839099972706],
						[-71.04620300039934, 42.348307000315145],
						[-71.04612300003342, 42.34827099967924],
						[-71.04608399967535, 42.348255000053946],
						[-71.0459609996517, 42.34819699996713],
						[-71.04570499955867, 42.34807599969393],
						[-71.04554499972508, 42.34799599995056],
						[-71.04548399962573, 42.34796499974873],
						[-71.04545000018884, 42.34794800018844],
						[-71.044122999868, 42.34724999978267],
						[-71.04406400031677, 42.34721800000817],
						[-71.04388600004152, 42.34712500019772],
						[-71.04377499971345, 42.34706699973224],
						[-71.04298499969302, 42.346652000060246],
						[-71.04225400012216, 42.34626000029535],
						[-71.04220399989343, 42.346233000103034],
						[-71.04214500034222, 42.34620099981084],
						[-71.0420809998698, 42.34616699973156],
						[-71.04061999965462, 42.34522100007188],
						[-71.04042499966096, 42.3450939999672],
						[-71.04001299993233, 42.344828000108535],
						[-71.03949300024864, 42.344486999781694],
						[-71.03934500011063, 42.344390000260134],
						[-71.03898199988747, 42.34416300018564],
						[-71.03837599999007, 42.343782999917075],
						[-71.0380470001021, 42.34362699972893],
						[-71.03772700043496, 42.34340800031836],
						[-71.03745100025043, 42.34321399978793],
						[-71.03731399998307, 42.3432160003167],
						[-71.03730999978512, 42.343442999826635],
						[-71.03729300006668, 42.34372600027627],
						[-71.03726100027963, 42.34387699994569],
						[-71.03726799995232, 42.3441189998248],
						[-71.03726499957926, 42.3442999999952],
						[-71.03707299995865, 42.344526000327505],
						[-71.03693099966844, 42.344628999762875],
						[-71.03686000042165, 42.34474800021547],
						[-71.03680500017005, 42.34480899988587],
						[-71.03646299986329, 42.34518500032443],
						[-71.03581900033106, 42.34586299996281],
						[-71.03513399989261, 42.34659999975783],
						[-71.03564799972851, 42.34711799977805],
						[-71.03571499967566, 42.34718600021743],
						[-71.03577699959995, 42.3472539999193],
						[-71.03565699994935, 42.347298000077764],
						[-71.03598699966223, 42.34770300019542],
						[-71.03602199982232, 42.34774600017929],
						[-71.03614499984596, 42.34780400001824],
						[-71.03626799986964, 42.34779900005712],
						[-71.0364350002742, 42.34785400027151],
						[-71.03726100027963, 42.34816599986448],
						[-71.03737799955718, 42.34821000004846],
						[-71.03749800010608, 42.348255999906115],
						[-71.03820699993565, 42.34853300018478],
						[-71.03898199988747, 42.34883700032002],
						[-71.03962600031802, 42.34909099975555],
						[-71.03998899964286, 42.34927600022485],
						[-71.04013099993308, 42.34933700014899],
						[-71.04076299976977, 42.34959600003831],
						[-71.04104200032734, 42.34970999991025],
						[-71.0416239999353, 42.34994799994322],
						[-71.04200999972468, 42.35011399993486],
						[-71.0425319999565, 42.35034200024859],
						[-71.04280999979085, 42.350468999709506],
						[-71.04319800012836, 42.35064700007986],
						[-71.04342699955889, 42.350765999762835],
						[-71.04391500035385, 42.35102000003409],
						[-71.04411299982225, 42.35104899977758],
						[-71.044130000439, 42.351051000057026],
						[-71.04435999969446, 42.35115400008768],
						[-71.04440099970233, 42.351171999914584],
						[-71.04444599990819, 42.351192999816746],
						[-71.04475100040501, 42.35132899977212],
						[-71.04495899991916, 42.35142299980358],
						[-71.04523400027877, 42.35154999973586],
						[-71.04556999983944, 42.351704999718415],
						[-71.04588600020692, 42.35127499974695],
						[-71.04609700009414, 42.35100200016366],
						[-71.04721199980456, 42.349559000309135],
						[-71.0475659998069, 42.34905900025434]
					]
				]
			},
			"properties": {
				"GEOID": "250250606031",
				"TRACT": "060603",
				"BLKGRP": "1",
				"AREALAND": 398231
			}
		},
		{
			"type": "Feature",
			"geometry": {
				"type": "Polygon",
				"coordinates": [
					[
						[-71.05208499999648, 42.351222000144325],
						[-71.05218799992865, 42.35112099983843],
						[-71.0511569998838, 42.350648999708156],
						[-71.05109900015749, 42.35062299988774],
						[-71.05099899970004, 42.35056800010453],
						[-71.04900799975547, 42.34965000017812],
						[-71.04791399996144, 42.3491450003292],
						[-71.04785299986207, 42.34911899988668],
						[-71.0476360001271, 42.348963000325135],
						[-71.0475659998069, 42.34905900025434],
						[-71.04721199980456, 42.349559000309135],
						[-71.04609700009414, 42.35100200016366],
						[-71.04588600020692, 42.35127499974695],
						[-71.04556999983944, 42.351704999718415],
						[-71.04604199984254, 42.35192199984847],
						[-71.0461790001099, 42.35198500010996],
						[-71.04670499964136, 42.352226999979344],
						[-71.04755099973828, 42.35261599969853],
						[-71.04785100021225, 42.352754000119404],
						[-71.04844200004104, 42.3530509999974],
						[-71.04912300028153, 42.35339399988041],
						[-71.05003899980032, 42.35385499992737],
						[-71.05136100009831, 42.35213299982254],
						[-71.05146099965741, 42.35203300010876],
						[-71.05146300020554, 42.351931999778294],
						[-71.05208499999648, 42.351222000144325]
					]
				]
			},
			"properties": {
				"GEOID": "250250606042",
				"TRACT": "060604",
				"BLKGRP": "2",
				"AREALAND": 119125
			}
		},
		{
			"type": "Feature",
			"geometry": {
				"type": "Polygon",
				"coordinates": [
					[
						[-71.0472710002541, 42.3372310000516],
						[-71.04775999997565, 42.336811999727075],
						[-71.04694099964293, 42.336280999900936],
						[-71.04628799988986, 42.335863999985754],
						[-71.04569500041124, 42.33545200024107],
						[-71.04544400034106, 42.33545200024107],
						[-71.04507199989706, 42.3358069998064],
						[-71.04461499996258, 42.33616600020204],
						[-71.04441199957299, 42.336325999812466],
						[-71.04427400037905, 42.33644099988281],
						[-71.04395299998868, 42.33671300024585],
						[-71.04361099968192, 42.33699000025358],
						[-71.04330299971035, 42.337270999813],
						[-71.04247500005509, 42.33801000009055],
						[-71.043982000301, 42.33798799975306],
						[-71.04438300015899, 42.33798000029245],
						[-71.04476899994837, 42.338205000089495],
						[-71.04528500033241, 42.33855500001812],
						[-71.04555899996879, 42.33871800020221],
						[-71.04586799976528, 42.3384459998793],
						[-71.0462000000263, 42.33815300010462],
						[-71.04651999969343, 42.33787699992487],
						[-71.0468489995814, 42.33759399970967],
						[-71.0472710002541, 42.3372310000516]
					]
				]
			},
			"properties": { "GEOID": "250250605015", "TRACT": "060501", "BLKGRP": "5", "AREALAND": 74540 }
		},
		{
			"type": "Feature",
			"geometry": {
				"type": "Polygon",
				"coordinates": [
					[
						[-71.05596800015144, 42.3390859998991],
						[-71.056240000138, 42.338868999946804],
						[-71.05550500036917, 42.338408000219],
						[-71.05537599959942, 42.338324000084604],
						[-71.05482199958055, 42.337963000024175],
						[-71.05456899986058, 42.337785000259764],
						[-71.05414500043635, 42.3375200000464],
						[-71.05392799980305, 42.337378999971335],
						[-71.05318800001135, 42.33799899992276],
						[-71.05240499966362, 42.33748799996762],
						[-71.05204200033877, 42.337788000315946],
						[-71.05167200044292, 42.33808299982727],
						[-71.05128400010541, 42.33842599971145],
						[-71.0510089997458, 42.338658999944],
						[-71.05083999969139, 42.33879499979185],
						[-71.05100700009598, 42.3389049999907],
						[-71.05130800039484, 42.33912299981624],
						[-71.05165099962822, 42.33933600024381],
						[-71.05216799983717, 42.33965700017976],
						[-71.05237700007454, 42.33980299972847],
						[-71.05259200015969, 42.33992999989706],
						[-71.0532330002172, 42.34034500011795],
						[-71.05353699999081, 42.3405420001297],
						[-71.05373600018244, 42.34067100007939],
						[-71.05392799980305, 42.34079100002663],
						[-71.05438200026282, 42.34043000018527],
						[-71.05477300007507, 42.340094999800904],
						[-71.05517999978085, 42.33975800031301],
						[-71.05551100021695, 42.339484999849006],
						[-71.05596800015144, 42.3390859998991]
					]
				]
			},
			"properties": { "GEOID": "250250607001", "TRACT": "060700", "BLKGRP": "1", "AREALAND": 89011 }
		},
		{
			"type": "Feature",
			"geometry": {
				"type": "Polygon",
				"coordinates": [
					[
						[-71.05702900033351, 42.338309999940606],
						[-71.05711200017419, 42.338333000175524],
						[-71.05701900028777, 42.33827300020912],
						[-71.0569449997696, 42.338225000327625],
						[-71.05681500007326, 42.33813999993568],
						[-71.05648399963715, 42.33793400022004],
						[-71.0560910001751, 42.33767700013472],
						[-71.05583900028002, 42.33751199986221],
						[-71.05537499977451, 42.33722399985838],
						[-71.05464400020362, 42.33673100022353],
						[-71.05441200040005, 42.33657399976543],
						[-71.05389000016824, 42.336240000130566],
						[-71.05350000018088, 42.33654700006166],
						[-71.0531419999806, 42.33686800029027],
						[-71.05278600032845, 42.337175999840156],
						[-71.05240499966362, 42.33748799996762],
						[-71.05318800001135, 42.33799899992276],
						[-71.05392799980305, 42.337378999971335],
						[-71.05414500043635, 42.3375200000464],
						[-71.05456899986058, 42.337785000259764],
						[-71.05482199958055, 42.337963000024175],
						[-71.05537599959942, 42.338324000084604],
						[-71.05550500036917, 42.338408000219],
						[-71.056240000138, 42.338868999946804],
						[-71.05677200041558, 42.33838299999311],
						[-71.05682299957088, 42.338356999747624],
						[-71.05687600017264, 42.33833000014534],
						[-71.05693100042421, 42.33831399998209],
						[-71.05697599973176, 42.338305999898914],
						[-71.05702900033351, 42.338309999940606]
					]
				]
			},
			"properties": { "GEOID": "250250607002", "TRACT": "060700", "BLKGRP": "2", "AREALAND": 39216 }
		},
		{
			"type": "Feature",
			"geometry": {
				"type": "Polygon",
				"coordinates": [
					[
						[-71.05041200006922, 42.334551999985585],
						[-71.05077100009443, 42.33424099997613],
						[-71.04976099996598, 42.33359600002514],
						[-71.04968800017103, 42.33354899998021],
						[-71.04923399971129, 42.33376200003003],
						[-71.0492139996198, 42.3337710001098],
						[-71.04904799993845, 42.333844000118795],
						[-71.04873199957095, 42.333994000198885],
						[-71.04831399999452, 42.33418699988182],
						[-71.04828200020746, 42.33420499991843],
						[-71.04789700024301, 42.33438600007368],
						[-71.04775499995279, 42.33448199968413],
						[-71.04750800008057, 42.33459899994503],
						[-71.0472410001169, 42.33472499993156],
						[-71.04676300026598, 42.33495899999567],
						[-71.04627700001919, 42.33522300031679],
						[-71.04595700035206, 42.33536199979902],
						[-71.04569500041124, 42.33545200024107],
						[-71.04628799988986, 42.335863999985754],
						[-71.04694099964293, 42.336280999900936],
						[-71.04775999997565, 42.336811999727075],
						[-71.04817699972716, 42.336462000057736],
						[-71.04859299965378, 42.336111999768505],
						[-71.04895900025, 42.3358030002695],
						[-71.04931999992502, 42.335498000136916],
						[-71.04969300019391, 42.335176000159606],
						[-71.05003600032559, 42.33487800009753],
						[-71.05041200006922, 42.334551999985585]
					]
				]
			},
			"properties": { "GEOID": "250250608001", "TRACT": "060800", "BLKGRP": "1", "AREALAND": 65318 }
		},
		{
			"type": "Feature",
			"geometry": {
				"type": "Polygon",
				"coordinates": [
					[
						[-71.05309000010207, 42.33457999995153],
						[-71.05318700018644, 42.33450900027447],
						[-71.05286199959811, 42.334254999697855],
						[-71.05238700012028, 42.33389699976296],
						[-71.05227400014238, 42.333800999923625],
						[-71.05210500008798, 42.33364600028878],
						[-71.05179100026862, 42.33340700021029],
						[-71.05112000007388, 42.33284700003135],
						[-71.0510570003247, 42.332794000166444],
						[-71.05078299978997, 42.332981999736106],
						[-71.05061600028372, 42.333092000142095],
						[-71.05052199967407, 42.33315000021837],
						[-71.05025200023566, 42.33328499993679],
						[-71.04968800017103, 42.33354899998021],
						[-71.04976099996598, 42.33359600002514],
						[-71.05077100009443, 42.33424099997613],
						[-71.05041200006922, 42.334551999985585],
						[-71.05003600032559, 42.33487800009753],
						[-71.04969300019391, 42.335176000159606],
						[-71.04931999992502, 42.335498000136916],
						[-71.05084499971427, 42.336485000304535],
						[-71.05102499963932, 42.336338999692416],
						[-71.0512060002876, 42.336170999760235],
						[-71.05154000019846, 42.33587199971551],
						[-71.05194000023153, 42.33555399987805],
						[-71.05230699975434, 42.33524300017521],
						[-71.05277200008474, 42.33484700006795],
						[-71.05309000010207, 42.33457999995153]
					]
				]
			},
			"properties": { "GEOID": "250250608002", "TRACT": "060800", "BLKGRP": "2", "AREALAND": 63565 }
		},
		{
			"type": "Feature",
			"geometry": {
				"type": "Polygon",
				"coordinates": [
					[
						[-71.0510570003247, 42.332794000166444],
						[-71.05102200016461, 42.33276800026649],
						[-71.05028800022066, 42.33229099993943],
						[-71.04981399966942, 42.33202900014877],
						[-71.0495099998958, 42.33183099991752],
						[-71.04902000034936, 42.3315269998988],
						[-71.04856000004182, 42.33123899971411],
						[-71.04852800025476, 42.3312189999106],
						[-71.04819400034393, 42.33122999993612],
						[-71.04741500019415, 42.33124499978678],
						[-71.0474050001484, 42.331735000245075],
						[-71.04744899963103, 42.33231300027772],
						[-71.04745600020205, 42.332966000204365],
						[-71.04745000035425, 42.33364600028878],
						[-71.0474749995703, 42.33423799975073],
						[-71.04750800008057, 42.33459899994503],
						[-71.04775499995279, 42.33448199968413],
						[-71.04789700024301, 42.33438600007368],
						[-71.04828200020746, 42.33420499991843],
						[-71.04831399999452, 42.33418699988182],
						[-71.04873199957095, 42.333994000198885],
						[-71.04904799993845, 42.333844000118795],
						[-71.0492139996198, 42.3337710001098],
						[-71.04923399971129, 42.33376200003003],
						[-71.04968800017103, 42.33354899998021],
						[-71.05025200023566, 42.33328499993679],
						[-71.05052199967407, 42.33315000021837],
						[-71.05061600028372, 42.333092000142095],
						[-71.05078299978997, 42.332981999736106],
						[-71.0510570003247, 42.332794000166444]
					]
				]
			},
			"properties": { "GEOID": "250250610001", "TRACT": "061000", "BLKGRP": "1", "AREALAND": 65215 }
		},
		{
			"type": "Feature",
			"geometry": {
				"type": "Polygon",
				"coordinates": [
					[
						[-71.05230199973145, 42.3320460000289],
						[-71.05189400020079, 42.33178600011006],
						[-71.05159799992477, 42.33158899989517],
						[-71.0512830002805, 42.33139500008853],
						[-71.05106099962434, 42.331238000255354],
						[-71.0506149995605, 42.330958999893646],
						[-71.05004700019624, 42.33060900019147],
						[-71.05041899974191, 42.33021300012696],
						[-71.05013099986182, 42.330297999943426],
						[-71.04987099957083, 42.33032400020031],
						[-71.04950700042109, 42.330340999877144],
						[-71.04934699968919, 42.330344999761344],
						[-71.04890700037146, 42.33035700007664],
						[-71.04816900022956, 42.33039200020831],
						[-71.0479599999922, 42.33039899983383],
						[-71.04738400023201, 42.33041899989812],
						[-71.04741500019415, 42.33124499978678],
						[-71.04819400034393, 42.33122999993612],
						[-71.04852800025476, 42.3312189999106],
						[-71.04856000004182, 42.33123899971411],
						[-71.04902000034936, 42.3315269998988],
						[-71.0495099998958, 42.33183099991752],
						[-71.04981399966942, 42.33202900014877],
						[-71.05028800022066, 42.33229099993943],
						[-71.05102200016461, 42.33276800026649],
						[-71.0510570003247, 42.332794000166444],
						[-71.05165599965109, 42.33242100031756],
						[-71.05230199973145, 42.3320460000289]
					]
				]
			},
			"properties": { "GEOID": "250250610002", "TRACT": "061000", "BLKGRP": "2", "AREALAND": 50911 }
		},
		{
			"type": "Feature",
			"geometry": {
				"type": "Polygon",
				"coordinates": [
					[
						[-71.05315100020142, 42.33151999973471],
						[-71.05307099983548, 42.33136399967031],
						[-71.0530499999191, 42.3313180000713],
						[-71.05296399970537, 42.33112699980269],
						[-71.05283999985681, 42.33078500008404],
						[-71.05280200022197, 42.330634000187345],
						[-71.05276600023696, 42.33048699980342],
						[-71.05272199985603, 42.33021300012696],
						[-71.05270299958944, 42.33003499967816],
						[-71.05265900010684, 42.32935599988859],
						[-71.05258299993885, 42.32920600003715],
						[-71.05250099992311, 42.32914200003596],
						[-71.05246900013606, 42.32911599995461],
						[-71.05235399961, 42.32907900012684],
						[-71.0522339999594, 42.32905800014309],
						[-71.05211900033169, 42.329060999951466],
						[-71.05201700022442, 42.329088999705505],
						[-71.05193000018579, 42.32914800030867],
						[-71.05184599962189, 42.329246000253896],
						[-71.05181600038297, 42.32931299994558],
						[-71.05181100036009, 42.329373999979545],
						[-71.05182700025362, 42.3294349999543],
						[-71.0518749999342, 42.32949999980789],
						[-71.05211599995863, 42.32962399975094],
						[-71.05182100040585, 42.3295740002746],
						[-71.05172299959823, 42.32958600007286],
						[-71.05161800001625, 42.32964699984203],
						[-71.05152500012984, 42.32971200014066],
						[-71.05141499962666, 42.32979699997003],
						[-71.05123899989957, 42.32989800000083],
						[-71.05114900038619, 42.329938999921],
						[-71.05075400037597, 42.330110000320396],
						[-71.05041899974191, 42.33021300012696],
						[-71.05004700019624, 42.33060900019147],
						[-71.0506149995605, 42.330958999893646],
						[-71.05106099962434, 42.331238000255354],
						[-71.0512830002805, 42.33139500008853],
						[-71.05159799992477, 42.33158899989517],
						[-71.05189400020079, 42.33178600011006],
						[-71.05230199973145, 42.3320460000289],
						[-71.0530499999191, 42.33158600020741],
						[-71.05315100020142, 42.33151999973471]
					]
				]
			},
			"properties": { "GEOID": "250250610003", "TRACT": "061000", "BLKGRP": "3", "AREALAND": 43451 }
		},
		{
			"type": "Feature",
			"geometry": {
				"type": "Polygon",
				"coordinates": [
					[
						[-71.06051699957995, 42.34388599990578],
						[-71.06060899964146, 42.343718000217685],
						[-71.06050999990725, 42.34370300002215],
						[-71.06015500008002, 42.34365700015269],
						[-71.05987800007058, 42.34362599980308],
						[-71.05973499995545, 42.343611000249574],
						[-71.05948700025833, 42.34357999987729],
						[-71.05953999996179, 42.34347999983581],
						[-71.05968499972673, 42.3432100000582],
						[-71.05978199981111, 42.342985000243026],
						[-71.05987899989549, 42.342652000074736],
						[-71.05995199969043, 42.34232000008125],
						[-71.05998299965256, 42.34207100026364],
						[-71.06002500038367, 42.340595000105026],
						[-71.06000100009423, 42.34005499984386],
						[-71.05980699992547, 42.33813299984363],
						[-71.05970200034348, 42.33685899998967],
						[-71.05965100028986, 42.336902000086134],
						[-71.05958299961948, 42.33695099968143],
						[-71.05952499989317, 42.336992000316336],
						[-71.05928200021893, 42.33716600021908],
						[-71.05896199965346, 42.337421999712184],
						[-71.05876300036014, 42.33759499973145],
						[-71.05840799963458, 42.337893000199315],
						[-71.05813399999822, 42.33810700015882],
						[-71.05803799973873, 42.3381819998078],
						[-71.05782299965358, 42.33835199969919],
						[-71.05745399958263, 42.33862599977547],
						[-71.0572250001521, 42.33880199981025],
						[-71.0571129999991, 42.3389049999907],
						[-71.05710499960318, 42.33880699982289],
						[-71.05711200017419, 42.338333000175524],
						[-71.05702900033351, 42.338309999940606],
						[-71.05697599973176, 42.338305999898914],
						[-71.05693100042421, 42.33831399998209],
						[-71.05687600017264, 42.33833000014534],
						[-71.05682299957088, 42.338356999747624],
						[-71.05677200041558, 42.33838299999311],
						[-71.056240000138, 42.338868999946804],
						[-71.05596800015144, 42.3390859998991],
						[-71.05551100021695, 42.339484999849006],
						[-71.05517999978085, 42.33975800031301],
						[-71.05477300007507, 42.340094999800904],
						[-71.05438200026282, 42.34043000018527],
						[-71.05392799980305, 42.34079100002663],
						[-71.05373600018244, 42.34067100007939],
						[-71.05353699999081, 42.3405420001297],
						[-71.0532330002172, 42.34034500011795],
						[-71.05259200015969, 42.33992999989706],
						[-71.05237700007454, 42.33980299972847],
						[-71.05190099987348, 42.34018800005089],
						[-71.05144700031202, 42.3405870003121],
						[-71.05113900034046, 42.34085600009603],
						[-71.05099200002736, 42.34096699997757],
						[-71.05081600030027, 42.341120000228806],
						[-71.05015900034924, 42.34169299987971],
						[-71.0508749998515, 42.34215000029392],
						[-71.0513950004335, 42.34249000007292],
						[-71.0516420003057, 42.342664999974836],
						[-71.05168999998627, 42.34267599999029],
						[-71.05171500010063, 42.34267599999029],
						[-71.0517829998727, 42.34263800023039],
						[-71.051924000338, 42.34252999980888],
						[-71.05235699998305, 42.342123000328364],
						[-71.05279800002401, 42.342426000309686],
						[-71.05287099981895, 42.34247600019255],
						[-71.05290199978108, 42.342495999736144],
						[-71.05301300010917, 42.342549999999335],
						[-71.05315200002633, 42.342600999725704],
						[-71.0542890003764, 42.34285900020735],
						[-71.05492100021307, 42.3429929997309],
						[-71.05521499994094, 42.343067000257115],
						[-71.0562390003131, 42.3433179999756],
						[-71.05690299993681, 42.34347400026648],
						[-71.05722599997702, 42.34354000014536],
						[-71.05724100004562, 42.34398099970063],
						[-71.05724699989341, 42.34417800027143],
						[-71.05725500028933, 42.344537000017404],
						[-71.05723699984766, 42.34487299987915],
						[-71.05704500022703, 42.34561600002271],
						[-71.05647000029178, 42.34611100014668],
						[-71.0568319997917, 42.34601299992323],
						[-71.0576539995992, 42.34577700004543],
						[-71.05814300021903, 42.34564700005502],
						[-71.05837400019772, 42.345620000263324],
						[-71.05843100009912, 42.34560200017441],
						[-71.05866299990272, 42.34556400019119],
						[-71.05875699961405, 42.34555399991223],
						[-71.05882000026155, 42.34544499995532],
						[-71.05893400006437, 42.34532000010102],
						[-71.05899699981356, 42.345268000024674],
						[-71.0591059995935, 42.34520499967025],
						[-71.05927100034828, 42.3451019998507],
						[-71.05936800043264, 42.34509499986971],
						[-71.05956099987819, 42.34492500028222],
						[-71.05964000041921, 42.344859999771685],
						[-71.05982100016918, 42.3447149999228],
						[-71.06017799964624, 42.3443280002685],
						[-71.0603869998836, 42.34407899977188],
						[-71.06051699957995, 42.34388599990578]
					]
				]
			},
			"properties": {
				"GEOID": "250250612031",
				"TRACT": "061203",
				"BLKGRP": "1",
				"AREALAND": 352712
			}
		},
		{
			"type": "Feature",
			"geometry": {
				"type": "Polygon",
				"coordinates": [
					[
						[-71.06303899997718, 42.34685000010313],
						[-71.06307699961201, 42.34674800019913],
						[-71.06284700035654, 42.34669199980397],
						[-71.0625900004386, 42.34663099996886],
						[-71.06255600010341, 42.34662300027993],
						[-71.06112099982752, 42.346309999784864],
						[-71.06110400010908, 42.34630899990168],
						[-71.06083799997032, 42.34627599976452],
						[-71.06070499990092, 42.34625299977941],
						[-71.060591999923, 42.34623999995726],
						[-71.06047800012021, 42.346226000247974],
						[-71.06021299980634, 42.34619499983723],
						[-71.0601180002701, 42.346187000092876],
						[-71.06001699998775, 42.34618000023269],
						[-71.05981399959816, 42.34616699973156],
						[-71.05977199976537, 42.34616800028094],
						[-71.05933599974728, 42.34615100023464],
						[-71.05910999979147, 42.346152000120334],
						[-71.05878900029941, 42.34615700021246],
						[-71.05856599981834, 42.346483999796405],
						[-71.05832200031918, 42.34658600012871],
						[-71.05818800042488, 42.34664000019858],
						[-71.05808700014254, 42.346696999853144],
						[-71.05800900032473, 42.34675099982767],
						[-71.05795300024823, 42.346801000254544],
						[-71.05787899973008, 42.346873999744034],
						[-71.05781299960785, 42.34695400025136],
						[-71.05771600042178, 42.347071999751584],
						[-71.05766299982001, 42.34715899975888],
						[-71.05760300044388, 42.347273000066956],
						[-71.05756699956054, 42.3473730000505],
						[-71.0574850004431, 42.3476579997948],
						[-71.05761500013944, 42.34796300003505],
						[-71.05766199999512, 42.348079999778015],
						[-71.05772200026955, 42.34818200017635],
						[-71.05779199969145, 42.34831200023586],
						[-71.05781699980581, 42.348344999968155],
						[-71.05787200005739, 42.34840200006851],
						[-71.05799099988307, 42.34849800019056],
						[-71.05815200043986, 42.348628000260476],
						[-71.05819599992248, 42.348651000040576],
						[-71.0582810003113, 42.34868900014955],
						[-71.05847999960461, 42.34875199966811],
						[-71.0587940003223, 42.34879500026219],
						[-71.05900199983644, 42.348775999910664],
						[-71.05909800009589, 42.348767999830834],
						[-71.05920400040112, 42.34873799985433],
						[-71.0593869998009, 42.34868100005864],
						[-71.05944000040266, 42.348693000194615],
						[-71.0594010000446, 42.348768999674895],
						[-71.05939799967156, 42.348894999816316],
						[-71.05929399991449, 42.34914600016728],
						[-71.0592100002489, 42.34929499976133],
						[-71.0590770001795, 42.34962600026923],
						[-71.05895300033093, 42.34993600004683],
						[-71.0595130001976, 42.350063000328014],
						[-71.05961799977958, 42.35008399993684],
						[-71.05967700022912, 42.35009899993762],
						[-71.05973300030563, 42.35011300011219],
						[-71.05981299977324, 42.35013900014356],
						[-71.05954400015973, 42.351041999794944],
						[-71.05950800017472, 42.35114899972913],
						[-71.05955400020548, 42.35115799997589],
						[-71.05987499969754, 42.351228000302015],
						[-71.06022500040021, 42.35026200006966],
						[-71.06063600030394, 42.34924599982688],
						[-71.06103799998687, 42.348240000277],
						[-71.06109499988825, 42.34811400015051],
						[-71.06119299979756, 42.34793000010223],
						[-71.06125800009488, 42.347808999978966],
						[-71.06136799969973, 42.34764000028948],
						[-71.06175400038742, 42.34722100027822],
						[-71.0619209998937, 42.34711799977805],
						[-71.06208699957506, 42.34705300020712],
						[-71.06226900004823, 42.34700700013305],
						[-71.06237799982819, 42.346993999802926],
						[-71.06245099962312, 42.346985000287816],
						[-71.06263700029427, 42.34699000031368],
						[-71.06277200001348, 42.34700499972496],
						[-71.06296100015936, 42.347058000227534],
						[-71.06300800001505, 42.346930999850365],
						[-71.06303899997718, 42.34685000010313]
					]
				]
			},
			"properties": {
				"GEOID": "250250701031",
				"TRACT": "070103",
				"BLKGRP": "1",
				"AREALAND": 107600
			}
		},
		{
			"type": "Feature",
			"geometry": {
				"type": "Polygon",
				"coordinates": [
					[
						[-71.04707200006249, 42.33970099967923],
						[-71.04666399963348, 42.339434000251146],
						[-71.04609399972108, 42.339050999957465],
						[-71.04555899996879, 42.33871800020221],
						[-71.04528500033241, 42.33855500001812],
						[-71.04476899994837, 42.338205000089495],
						[-71.04438300015899, 42.33798000029245],
						[-71.043982000301, 42.33798799975306],
						[-71.04337300003053, 42.33852999985068],
						[-71.04219200019787, 42.339576999682976],
						[-71.0419059999676, 42.33952700015078],
						[-71.04182999979963, 42.339483999857286],
						[-71.04169099988245, 42.33944600016023],
						[-71.04161399988956, 42.33938799991438],
						[-71.04147599979729, 42.3391930002639],
						[-71.0413989998044, 42.33913599978196],
						[-71.04123700032099, 42.33904699996287],
						[-71.04104599962697, 42.33894400001501],
						[-71.0409829998778, 42.33894000001364],
						[-71.04090599988488, 42.33905399995321],
						[-71.04092099995351, 42.339283999866176],
						[-71.04084300013571, 42.339434000251146],
						[-71.040688000325, 42.33954899994982],
						[-71.0405960002635, 42.33956899976048],
						[-71.04042600038419, 42.33955799986542],
						[-71.04030300036054, 42.33947899989846],
						[-71.04021100029902, 42.339364000071754],
						[-71.04013500013106, 42.33916699968937],
						[-71.04008999992521, 42.33888399996763],
						[-71.04007999987948, 42.33866399996806],
						[-71.04004200024463, 42.338466000040725],
						[-71.0399989996886, 42.33843599979615],
						[-71.03997699994731, 42.338467000048645],
						[-71.03996799972647, 42.338679000037736],
						[-71.03996600007665, 42.339029999983104],
						[-71.03990300032746, 42.33933800023191],
						[-71.03987099964209, 42.33941899969755],
						[-71.03991800039607, 42.33946799998767],
						[-71.03991699967284, 42.339905000276275],
						[-71.03977600010586, 42.33992499997366],
						[-71.03963299999072, 42.339964000029354],
						[-71.03954199975412, 42.34000600001118],
						[-71.03948599967762, 42.34004799996495],
						[-71.03941000040795, 42.340170999715596],
						[-71.0393640003772, 42.340333999694636],
						[-71.03906599955306, 42.341599999863796],
						[-71.0381950002401, 42.34159699998947],
						[-71.03775099982609, 42.34159600003134],
						[-71.0376880000769, 42.34159699998947],
						[-71.03734599977012, 42.341608000191826],
						[-71.0362389995573, 42.34164100012335],
						[-71.0359149996922, 42.34168300031299],
						[-71.0357459996378, 42.341684000269744],
						[-71.03526799978691, 42.34168500022644],
						[-71.03522199975616, 42.34165900001835],
						[-71.03520599986264, 42.341628000011575],
						[-71.03520800041078, 42.34132100031857],
						[-71.03522500012922, 42.34132100031857],
						[-71.03521599990837, 42.34066400026905],
						[-71.03471100029331, 42.34066400026905],
						[-71.03470999957008, 42.34044799976295],
						[-71.03380099972397, 42.34044099992779],
						[-71.03380300027213, 42.341485999892186],
						[-71.0324800001492, 42.341522999725036],
						[-71.03247799960108, 42.34164000016596],
						[-71.03056899967227, 42.34165300027525],
						[-71.03041399986158, 42.34165400023249],
						[-71.03037200002878, 42.34024600022283],
						[-71.02951699971102, 42.34024700020243],
						[-71.0295019996424, 42.341381999994056],
						[-71.0294239998246, 42.34163599967206],
						[-71.02928499990743, 42.34176000025575],
						[-71.02822100025062, 42.34176999981023],
						[-71.02783499956294, 42.341731000210764],
						[-71.02777400036189, 42.34168700013986],
						[-71.02771300026251, 42.341513000131286],
						[-71.02765100033824, 42.34146000026575],
						[-71.0273120004045, 42.34139800004065],
						[-71.02703500039507, 42.341273000107755],
						[-71.02689700030281, 42.34127100018121],
						[-71.02652700040696, 42.341327000093344],
						[-71.02638699976657, 42.341580999993525],
						[-71.0263399999109, 42.34161399993922],
						[-71.0261700000316, 42.34164799982492],
						[-71.0256000001192, 42.34163599967206],
						[-71.025353000247, 42.341581999951906],
						[-71.02512499974304, 42.34150900029334],
						[-71.02519400023834, 42.33959700014869],
						[-71.02518599984242, 42.33843499978774],
						[-71.02513300013896, 42.338309999940606],
						[-71.0248960003125, 42.338459999992956],
						[-71.02455099963268, 42.33863999984906],
						[-71.02444299967766, 42.338677000028625],
						[-71.0242900004151, 42.33871200017849],
						[-71.02412899985829, 42.33872100021384],
						[-71.02397999989537, 42.33871300018249],
						[-71.02384000015329, 42.33869200009525],
						[-71.02372200015252, 42.33864599987966],
						[-71.02244900025833, 42.3381899999067],
						[-71.0222490002418, 42.33809099993878],
						[-71.0220659999437, 42.33796500005598],
						[-71.02194700011799, 42.33784700006332],
						[-71.02178800010935, 42.33793900030171],
						[-71.02148900035861, 42.33808299982727],
						[-71.02104499994459, 42.33827700025296],
						[-71.02049500012367, 42.338472000087926],
						[-71.02009000006771, 42.33857700015724],
						[-71.01966999994318, 42.33865399991958],
						[-71.01931000009306, 42.33870200013764],
						[-71.01868699957889, 42.33876699971054],
						[-71.01828300024617, 42.338796999797204],
						[-71.01800500041182, 42.33881699984705],
						[-71.01730999992763, 42.33884999991533],
						[-71.0165249999301, 42.338870999949805],
						[-71.01567700018336, 42.33887399995413],
						[-71.01512599963921, 42.3388389998945],
						[-71.01483899958403, 42.33881899985165],
						[-71.01336599967331, 42.33888699997133],
						[-71.01164099986751, 42.33930999972836],
						[-71.01099200031241, 42.33964199967937],
						[-71.01075700013577, 42.339798999781756],
						[-71.00924499986698, 42.34052299993978],
						[-71.01021300016264, 42.341432000043156],
						[-71.0124280004132, 42.342672000226344],
						[-71.01235700026808, 42.34267400010837],
						[-71.01367799984286, 42.34311800022814],
						[-71.01499900031592, 42.343384000018204],
						[-71.01784100038029, 42.34341299996474],
						[-71.01892099993063, 42.34373899995425],
						[-71.01904099958122, 42.34527699978558],
						[-71.02044200042025, 42.34719999971293],
						[-71.02204300037748, 42.34867899970382],
						[-71.02428500039223, 42.35003999973676],
						[-71.0266060000497, 42.35012800010609],
						[-71.02736699975779, 42.35036500006544],
						[-71.02970099983405, 42.35173300001285],
						[-71.02979500044368, 42.35178899990045],
						[-71.0298809997591, 42.351684999784936],
						[-71.02999799993496, 42.351512999829104],
						[-71.03021700021809, 42.3512260000282],
						[-71.03048500000668, 42.35090100016809],
						[-71.03061600042626, 42.35074099980347],
						[-71.03081499971957, 42.35053600002743],
						[-71.0310010003907, 42.350336000006365],
						[-71.03128800044588, 42.350042999872116],
						[-71.03136899973843, 42.34997000007929],
						[-71.03211500027624, 42.35029699974555],
						[-71.03222300023127, 42.350281999791974],
						[-71.03257899988343, 42.349798000077634],
						[-71.03278599957265, 42.34956000014063],
						[-71.03314700014599, 42.34905200005004],
						[-71.03347299966092, 42.34862299970103],
						[-71.03408000028155, 42.348267000271235],
						[-71.03479099976094, 42.34857899980607],
						[-71.03321300026823, 42.35071500002111],
						[-71.03340400006395, 42.350863999879294],
						[-71.0349210003556, 42.348664999873776],
						[-71.03504600002907, 42.348542999989874],
						[-71.0353580001986, 42.34818200017635],
						[-71.03540000003139, 42.3482230001271],
						[-71.03577800032316, 42.34775699996968],
						[-71.03598699966223, 42.34770300019542],
						[-71.03565699994935, 42.347298000077764],
						[-71.03577699959995, 42.3472539999193],
						[-71.03571499967566, 42.34718600021743],
						[-71.03564799972851, 42.34711799977805],
						[-71.03513399989261, 42.34659999975783],
						[-71.03581900033106, 42.34586299996281],
						[-71.03646299986329, 42.34518500032443],
						[-71.03680500017005, 42.34480899988587],
						[-71.03686000042165, 42.34474800021547],
						[-71.03693099966844, 42.344628999762875],
						[-71.03707299995865, 42.344526000327505],
						[-71.03726499957926, 42.3442999999952],
						[-71.03726799995232, 42.3441189998248],
						[-71.03726100027963, 42.34387699994569],
						[-71.03729300006668, 42.34372600027627],
						[-71.03730999978512, 42.343442999826635],
						[-71.03731399998307, 42.3432160003167],
						[-71.03745100025043, 42.34321399978793],
						[-71.03772700043496, 42.34340800031836],
						[-71.0380470001021, 42.34362699972893],
						[-71.03837599999007, 42.343782999917075],
						[-71.03898199988747, 42.34416300018564],
						[-71.03934500011063, 42.344390000260134],
						[-71.03949300024864, 42.344486999781694],
						[-71.03974099994574, 42.34448400004517],
						[-71.04107900013727, 42.34446600029497],
						[-71.04121399985647, 42.34448499995738],
						[-71.0413350002303, 42.34450700001358],
						[-71.04140600037542, 42.344526000327505],
						[-71.04290600005031, 42.34322800016795],
						[-71.04341099966538, 42.34279099973533],
						[-71.04383800036096, 42.342446999813816],
						[-71.04489600016997, 42.34153399994034],
						[-71.04627899966901, 42.34037300016062],
						[-71.04707200006249, 42.33970099967923]
					]
				]
			},
			"properties": {
				"GEOID": "250259812022",
				"TRACT": "981202",
				"BLKGRP": "2",
				"AREALAND": 1231102
			}
		},
		{
			"type": "Feature",
			"geometry": {
				"type": "Polygon",
				"coordinates": [
					[
						[-71.06355299981308, 42.33079100019998],
						[-71.0635050001325, 42.33077699970719],
						[-71.0632800000016, 42.330730000212014],
						[-71.06314199990935, 42.3307090001154],
						[-71.06297500040307, 42.33068300001766],
						[-71.06165700030306, 42.330415000018576],
						[-71.06138299976834, 42.330367000116254],
						[-71.06106099955308, 42.330307999992414],
						[-71.0608019999853, 42.33025299970329],
						[-71.06077600004603, 42.33024799967465],
						[-71.06021899965411, 42.33013499985053],
						[-71.0592880000667, 42.329973000142296],
						[-71.05824100012832, 42.32973400005281],
						[-71.05825299982389, 42.32917300022109],
						[-71.05826500041776, 42.328629000174395],
						[-71.05825100017408, 42.32858400006851],
						[-71.05822100003684, 42.328545999762156],
						[-71.05813300017329, 42.328502999929576],
						[-71.05774900003374, 42.328375999928184],
						[-71.05784500029321, 42.32813900009224],
						[-71.05761599996436, 42.32807499966954],
						[-71.0574710001994, 42.328045999954675],
						[-71.05733499975696, 42.32803600021021],
						[-71.05719900021282, 42.32803200017918],
						[-71.05691499963238, 42.32803500003643],
						[-71.05692800005117, 42.32855200009167],
						[-71.05628199997079, 42.32857099991383],
						[-71.0556900003171, 42.32857099991383],
						[-71.05525799959864, 42.32857700024096],
						[-71.05470000028015, 42.32858500023356],
						[-71.05427400030779, 42.32858900022943],
						[-71.0537339996343, 42.32859200006016],
						[-71.05344699957914, 42.328593000225084],
						[-71.05262399994675, 42.32859700022044],
						[-71.05264900006111, 42.32914999995664],
						[-71.05265900010684, 42.32935599988859],
						[-71.05270299958944, 42.33003499967816],
						[-71.05272199985603, 42.33021300012696],
						[-71.05276600023696, 42.33048699980342],
						[-71.05280200022197, 42.330634000187345],
						[-71.05283999985681, 42.33078500008404],
						[-71.05296399970537, 42.33112699980269],
						[-71.0530499999191, 42.3313180000713],
						[-71.05307099983548, 42.33136399967031],
						[-71.05315100020142, 42.33151999973471],
						[-71.05318999966117, 42.33157300000907],
						[-71.05340800011938, 42.331929000331215],
						[-71.05366099983938, 42.33232400011192],
						[-71.05372000028892, 42.332416999901284],
						[-71.05387500009961, 42.332662999795],
						[-71.05395899976521, 42.33279599969856],
						[-71.05409400038272, 42.333018999924334],
						[-71.05417800004831, 42.33315700020105],
						[-71.05448299964684, 42.33366200031156],
						[-71.05460200037083, 42.333861000172426],
						[-71.0548390001973, 42.334258999997225],
						[-71.05530799982736, 42.33504700022583],
						[-71.05576599958677, 42.335786000076816],
						[-71.0559580001057, 42.33609699975052],
						[-71.056204000153, 42.33650999995691],
						[-71.05648600018529, 42.33698400006497],
						[-71.05663199977516, 42.337215000272764],
						[-71.05673300005752, 42.33737499987037],
						[-71.05696400003617, 42.337712000177135],
						[-71.05711800002199, 42.337903999721654],
						[-71.05711200017419, 42.338333000175524],
						[-71.05710499960318, 42.33880699982289],
						[-71.0571129999991, 42.3389049999907],
						[-71.0572250001521, 42.33880199981025],
						[-71.05745399958263, 42.33862599977547],
						[-71.05782299965358, 42.33835199969919],
						[-71.05803799973873, 42.3381819998078],
						[-71.05813399999822, 42.33810700015882],
						[-71.05840799963458, 42.337893000199315],
						[-71.05876300036014, 42.33759499973145],
						[-71.05896199965346, 42.337421999712184],
						[-71.05928200021893, 42.33716600021908],
						[-71.05952499989317, 42.336992000316336],
						[-71.05958299961948, 42.33695099968143],
						[-71.05965100028986, 42.336902000086134],
						[-71.05970200034348, 42.33685899998967],
						[-71.05969700032061, 42.33680100001378],
						[-71.06004299992702, 42.33650999995691],
						[-71.0600420001021, 42.33656400004869],
						[-71.06017699982132, 42.33634599998416],
						[-71.06027899992857, 42.33614900010747],
						[-71.06043799993724, 42.33570700001933],
						[-71.06044499960993, 42.33569299995681],
						[-71.06058400042542, 42.335445999905716],
						[-71.06100899967453, 42.334781999763464],
						[-71.06143899984487, 42.334106000317526],
						[-71.06216299974302, 42.332960999727305],
						[-71.06249699965387, 42.33243599988414],
						[-71.06254199985972, 42.33236499977893],
						[-71.06257100017204, 42.3323190002479],
						[-71.06259999958604, 42.33227400012553],
						[-71.0626950000206, 42.332128999807296],
						[-71.06279799995275, 42.33197299992522],
						[-71.06290500008288, 42.33180599973331],
						[-71.06355299981308, 42.33079100019998]
					]
				]
			},
			"properties": {
				"GEOID": "250250612011",
				"TRACT": "061201",
				"BLKGRP": "1",
				"AREALAND": 562013
			}
		},
		{
			"type": "Feature",
			"geometry": {
				"type": "Polygon",
				"coordinates": [
					[
						[-71.05711200017419, 42.338333000175524],
						[-71.05711800002199, 42.337903999721654],
						[-71.05696400003617, 42.337712000177135],
						[-71.05673300005752, 42.33737499987037],
						[-71.05663199977516, 42.337215000272764],
						[-71.05648600018529, 42.33698400006497],
						[-71.056204000153, 42.33650999995691],
						[-71.0559580001057, 42.33609699975052],
						[-71.05576599958677, 42.335786000076816],
						[-71.05530799982736, 42.33504700022583],
						[-71.0548390001973, 42.334258999997225],
						[-71.05460200037083, 42.333861000172426],
						[-71.05448299964684, 42.33366200031156],
						[-71.05417800004831, 42.33315700020105],
						[-71.05409400038272, 42.333018999924334],
						[-71.05395899976521, 42.33279599969856],
						[-71.05387500009961, 42.332662999795],
						[-71.05372000028892, 42.332416999901284],
						[-71.05366099983938, 42.33232400011192],
						[-71.05340800011938, 42.331929000331215],
						[-71.05318999966117, 42.33157300000907],
						[-71.05315100020142, 42.33151999973471],
						[-71.0530499999191, 42.33158600020741],
						[-71.05230199973145, 42.3320460000289],
						[-71.05165599965109, 42.33242100031756],
						[-71.0510570003247, 42.332794000166444],
						[-71.05112000007388, 42.33284700003135],
						[-71.05179100026862, 42.33340700021029],
						[-71.05210500008798, 42.33364600028878],
						[-71.05227400014238, 42.333800999923625],
						[-71.05238700012028, 42.33389699976296],
						[-71.05286199959811, 42.334254999697855],
						[-71.05318700018644, 42.33450900027447],
						[-71.05309000010207, 42.33457999995153],
						[-71.05277200008474, 42.33484700006795],
						[-71.05230699975434, 42.33524300017521],
						[-71.05194000023153, 42.33555399987805],
						[-71.05154000019846, 42.33587199971551],
						[-71.0512060002876, 42.336170999760235],
						[-71.05102499963932, 42.336338999692416],
						[-71.05084499971427, 42.336485000304535],
						[-71.0510229999895, 42.336599000046526],
						[-71.05120999958724, 42.336725000010205],
						[-71.05170300040507, 42.337057000328706],
						[-71.05212600000436, 42.33731699970635],
						[-71.05240499966362, 42.33748799996762],
						[-71.05278600032845, 42.337175999840156],
						[-71.0531419999806, 42.33686800029027],
						[-71.05350000018088, 42.33654700006166],
						[-71.05389000016824, 42.336240000130566],
						[-71.05441200040005, 42.33657399976543],
						[-71.05464400020362, 42.33673100022353],
						[-71.05537499977451, 42.33722399985838],
						[-71.05583900028002, 42.33751199986221],
						[-71.0560910001751, 42.33767700013472],
						[-71.05648399963715, 42.33793400022004],
						[-71.05681500007326, 42.33813999993568],
						[-71.0569449997696, 42.338225000327625],
						[-71.05701900028777, 42.33827300020912],
						[-71.05711200017419, 42.338333000175524]
					]
				]
			},
			"properties": {
				"GEOID": "250250608004",
				"TRACT": "060800",
				"BLKGRP": "4",
				"AREALAND": 148884
			}
		},
		{
			"type": "Feature",
			"geometry": {
				"type": "Polygon",
				"coordinates": [
					[
						[-71.03529600027433, 42.33229300015159],
						[-71.03527199998486, 42.33147499970478],
						[-71.03524699987052, 42.33064199991833],
						[-71.03521300043364, 42.329521999794174],
						[-71.03520699968755, 42.32935000029984],
						[-71.03484699983744, 42.32938900027276],
						[-71.03431399973496, 42.32949199993171],
						[-71.03377399995979, 42.32964900013832],
						[-71.03318399995592, 42.32983799995608],
						[-71.03285500006794, 42.32995299993625],
						[-71.03233700003408, 42.33014700020584],
						[-71.03166300036463, 42.330423999913165],
						[-71.03114299978262, 42.330653000044755],
						[-71.03115899967615, 42.33082899981416],
						[-71.03118399979051, 42.33154399991461],
						[-71.03118700016356, 42.33195399980244],
						[-71.0311910003615, 42.33235999991817],
						[-71.03188500012247, 42.332351000300584],
						[-71.03189599999311, 42.3331689999798],
						[-71.03236100032353, 42.33315800029338],
						[-71.03259099957899, 42.333155000016326],
						[-71.03328000021538, 42.333145999848405],
						[-71.03326199977371, 42.33232899997559],
						[-71.03431999958273, 42.33230999996036],
						[-71.03453100036826, 42.33230600020111],
						[-71.03529600027433, 42.33229300015159]
					]
				]
			},
			"properties": {
				"GEOID": "250250602002",
				"TRACT": "060200",
				"BLKGRP": "2",
				"AREALAND": 101737
			}
		},
		{
			"type": "Feature",
			"geometry": {
				"type": "Polygon",
				"coordinates": [
					[
						[-71.04147900017034, 42.33301600030472],
						[-71.04146199955359, 42.33260499993376],
						[-71.04145400005598, 42.33240800029185],
						[-71.04144599966007, 42.332187000107524],
						[-71.04142800011671, 42.331367000032806],
						[-71.04085300018144, 42.331374999670516],
						[-71.04041399979032, 42.33138099973018],
						[-71.03983800003013, 42.331389000030214],
						[-71.03911999997972, 42.33140499996311],
						[-71.03729100041686, 42.33143199988219],
						[-71.03731399998307, 42.332264999831544],
						[-71.03733599972439, 42.33307999968457],
						[-71.038632999908, 42.333078000161485],
						[-71.03909099966742, 42.33305999980237],
						[-71.03992599989367, 42.33302900020475],
						[-71.04074600005133, 42.33302300030231],
						[-71.04095399956547, 42.33302499982715],
						[-71.04147900017034, 42.33301600030472]
					]
				]
			},
			"properties": { "GEOID": "250250604002", "TRACT": "060400", "BLKGRP": "2", "AREALAND": 62546 }
		},
		{
			"type": "Feature",
			"geometry": {
				"type": "Polygon",
				"coordinates": [
					[
						[-71.05692800005117, 42.32855200009167],
						[-71.05691499963238, 42.32803500003643],
						[-71.05689799991396, 42.327368000131536],
						[-71.05686799977671, 42.32686700006643],
						[-71.05636900000944, 42.32685000011487],
						[-71.05598400004497, 42.32685000011487],
						[-71.0554929997753, 42.32685700013454],
						[-71.05551000039203, 42.327101999668535],
						[-71.0555000003463, 42.32724499991245],
						[-71.0554660000111, 42.32738900001532],
						[-71.05542300035341, 42.32750399982389],
						[-71.05532399972088, 42.327645000122324],
						[-71.05522400016177, 42.32775799977063],
						[-71.05505900030533, 42.32788999990801],
						[-71.05482900015157, 42.32804300009795],
						[-71.05450199991343, 42.32785599988903],
						[-71.0539019998638, 42.32756199973998],
						[-71.05345400015013, 42.327341999981094],
						[-71.05281100044282, 42.327020000087956],
						[-71.0527829999554, 42.32704699989684],
						[-71.05272199985603, 42.32707499988325],
						[-71.0525650003955, 42.32711200022562],
						[-71.05258999961154, 42.327514999835],
						[-71.05261899992387, 42.328433000201095],
						[-71.05262399994675, 42.32859700022044],
						[-71.05344699957914, 42.328593000225084],
						[-71.0537339996343, 42.32859200006016],
						[-71.05427400030779, 42.32858900022943],
						[-71.05470000028015, 42.32858500023356],
						[-71.05525799959864, 42.32857700024096],
						[-71.0556900003171, 42.32857099991383],
						[-71.05628199997079, 42.32857099991383],
						[-71.05692800005117, 42.32855200009167]
					]
				]
			},
			"properties": { "GEOID": "250250611011", "TRACT": "061101", "BLKGRP": "1", "AREALAND": 49678 }
		},
		{
			"type": "Feature",
			"geometry": {
				"type": "Polygon",
				"coordinates": [
					[
						[-71.02931699969449, 42.33823799981497],
						[-71.02929499995318, 42.33741900030257],
						[-71.02926099961797, 42.33659099974517],
						[-71.0292339998538, 42.33572899982677],
						[-71.02718600000782, 42.33576300023842],
						[-71.02507100021467, 42.335802000219275],
						[-71.02509100030618, 42.336660000318666],
						[-71.02511200022256, 42.337484999897114],
						[-71.02513300013896, 42.338309999940606],
						[-71.0252260000254, 42.33832600010493],
						[-71.02593300020513, 42.338305999898914],
						[-71.02621699988725, 42.33830099984643],
						[-71.02679299964744, 42.338290999740224],
						[-71.02725499960479, 42.33827100018716],
						[-71.02880000038385, 42.338247999929564],
						[-71.02931699969449, 42.33823799981497]
					]
				]
			},
			"properties": { "GEOID": "250250601011", "TRACT": "060101", "BLKGRP": "1", "AREALAND": 96144 }
		},
		{
			"type": "Feature",
			"geometry": {
				"type": "Polygon",
				"coordinates": [
					[
						[-71.03752200039554, 42.33809499999419],
						[-71.03747600036479, 42.33728300013486],
						[-71.03745399972516, 42.33646300009752],
						[-71.03743899965654, 42.33612999991816],
						[-71.03743100015895, 42.335587999720275],
						[-71.03638300039566, 42.33561000023334],
						[-71.03542099994777, 42.33562999996874],
						[-71.03334600033762, 42.3356610002764],
						[-71.03337099955365, 42.33652799999263],
						[-71.03339300019329, 42.33733700022692],
						[-71.03461099983588, 42.337318999758715],
						[-71.03546500032871, 42.33731699970635],
						[-71.03548600024511, 42.33814099994877],
						[-71.03644399959673, 42.338123999724075],
						[-71.03752200039554, 42.33809499999419]
					]
				]
			},
			"properties": { "GEOID": "250250605011", "TRACT": "060501", "BLKGRP": "1", "AREALAND": 78181 }
		},
		{
			"type": "Feature",
			"geometry": {
				"type": "Polygon",
				"coordinates": [
					[
						[-71.05237700007454, 42.33980299972847],
						[-71.05216799983717, 42.33965700017976],
						[-71.05165099962822, 42.33933600024381],
						[-71.05130800039484, 42.33912299981624],
						[-71.05100700009598, 42.3389049999907],
						[-71.05083999969139, 42.33879499979185],
						[-71.0506149995605, 42.338652999914636],
						[-71.05013500005978, 42.33834899966992],
						[-71.05002499955663, 42.33828000028563],
						[-71.04975199974514, 42.3381010000768],
						[-71.04929499981066, 42.33780299993059],
						[-71.04775999997565, 42.336811999727075],
						[-71.0472710002541, 42.3372310000516],
						[-71.0468489995814, 42.33759399970967],
						[-71.04651999969343, 42.33787699992487],
						[-71.0462000000263, 42.33815300010462],
						[-71.04586799976528, 42.3384459998793],
						[-71.04555899996879, 42.33871800020221],
						[-71.04609399972108, 42.339050999957465],
						[-71.04666399963348, 42.339434000251146],
						[-71.04707200006249, 42.33970099967923],
						[-71.04860299969951, 42.340683999725066],
						[-71.04920199992424, 42.341068999965096],
						[-71.04942000038243, 42.341210999698255],
						[-71.05015900034924, 42.34169299987971],
						[-71.05081600030027, 42.341120000228806],
						[-71.05099200002736, 42.34096699997757],
						[-71.05113900034046, 42.34085600009603],
						[-71.05144700031202, 42.3405870003121],
						[-71.05190099987348, 42.34018800005089],
						[-71.05237700007454, 42.33980299972847]
					]
				]
			},
			"properties": {
				"GEOID": "250250606011",
				"TRACT": "060601",
				"BLKGRP": "1",
				"AREALAND": 140332
			}
		},
		{
			"type": "Feature",
			"geometry": {
				"type": "Polygon",
				"coordinates": [
					[
						[-71.03128300042303, 42.33483199974824],
						[-71.0312540001107, 42.33400200016654],
						[-71.02918799982305, 42.33404300006781],
						[-71.02714199962689, 42.33407499990742],
						[-71.02598500008366, 42.33408600009753],
						[-71.02502600000884, 42.33409500013093],
						[-71.02504500027541, 42.33492699994178],
						[-71.02507100021467, 42.335802000219275],
						[-71.02718600000782, 42.33576300023842],
						[-71.0292339998538, 42.33572899982677],
						[-71.0292120001125, 42.3348610003188],
						[-71.03128300042303, 42.33483199974824]
					]
				]
			},
			"properties": { "GEOID": "250250601013", "TRACT": "060101", "BLKGRP": "3", "AREALAND": 80162 }
		},
		{
			"type": "Feature",
			"geometry": {
				"type": "Polygon",
				"coordinates": [
					[
						[-71.0312540001107, 42.33400200016654],
						[-71.03124099969192, 42.333618999991955],
						[-71.0312259996233, 42.333186000215875],
						[-71.02970000000913, 42.333206000058],
						[-71.02917100010461, 42.33321300003445],
						[-71.02822899974824, 42.33322399971129],
						[-71.02710499981697, 42.33325000008677],
						[-71.02598199971061, 42.333272000089664],
						[-71.0258749995805, 42.33327300018012],
						[-71.0250090002904, 42.333281000239495],
						[-71.02502600000884, 42.33409500013093],
						[-71.02598500008366, 42.33408600009753],
						[-71.02714199962689, 42.33407499990742],
						[-71.02918799982305, 42.33404300006781],
						[-71.0312540001107, 42.33400200016654]
					]
				]
			},
			"properties": { "GEOID": "250250601012", "TRACT": "060101", "BLKGRP": "2", "AREALAND": 46927 }
		},
		{
			"type": "Feature",
			"geometry": {
				"type": "Polygon",
				"coordinates": [
					[
						[-71.0415109999574, 42.33382700006057],
						[-71.04149500006386, 42.333421000117674],
						[-71.04147900017034, 42.33301600030472],
						[-71.04095399956547, 42.33302499982715],
						[-71.04074600005133, 42.33302300030231],
						[-71.03992599989367, 42.33302900020475],
						[-71.03909099966742, 42.33305999980237],
						[-71.038632999908, 42.333078000161485],
						[-71.03733599972439, 42.33307999968457],
						[-71.03731399998307, 42.332264999831544],
						[-71.03586399963858, 42.33228499996654],
						[-71.03529600027433, 42.33229300015159],
						[-71.03453100036826, 42.33230600020111],
						[-71.03431999958273, 42.33230999996036],
						[-71.03326199977371, 42.33232899997559],
						[-71.03328000021538, 42.333145999848405],
						[-71.03329100008605, 42.333459000135186],
						[-71.03330000030687, 42.3339780002605],
						[-71.03427699992505, 42.3339579999998],
						[-71.03509100023491, 42.333940999972384],
						[-71.03534399995489, 42.33393600023687],
						[-71.03735900018893, 42.3339010000851],
						[-71.03888499980309, 42.33387000023797],
						[-71.03995299965784, 42.33385699984768],
						[-71.0415109999574, 42.33382700006057]
					]
				]
			},
			"properties": { "GEOID": "250250603011", "TRACT": "060301", "BLKGRP": "1", "AREALAND": 91910 }
		},
		{
			"type": "Feature",
			"geometry": {
				"type": "Polygon",
				"coordinates": [
					[
						[-71.04408699988298, 42.33048799993821],
						[-71.04405300044611, 42.33019199985768],
						[-71.04279200024749, 42.330224000328414],
						[-71.04203499983903, 42.33023700014146],
						[-71.04152799967584, 42.33023399972506],
						[-71.04090300041017, 42.33020900023432],
						[-71.04011900023752, 42.33013499985053],
						[-71.03979100017446, 42.330087999875644],
						[-71.03954199975412, 42.33005200009722],
						[-71.03903999961378, 42.32995699984512],
						[-71.03775400019912, 42.32964100028109],
						[-71.03724799986085, 42.32952500024454],
						[-71.03724299983797, 42.329707000068964],
						[-71.03725700008167, 42.33019400013664],
						[-71.03726799995232, 42.33060699992576],
						[-71.03729100041686, 42.33143199988219],
						[-71.03911999997972, 42.33140499996311],
						[-71.03983800003013, 42.331389000030214],
						[-71.04041399979032, 42.33138099973018],
						[-71.04085300018144, 42.331374999670516],
						[-71.04142800011671, 42.331367000032806],
						[-71.04144599966007, 42.332187000107524],
						[-71.04202200031855, 42.332175000141376],
						[-71.04260899994938, 42.332170999709454],
						[-71.04257299996438, 42.3313290000795],
						[-71.04278100037683, 42.33132300001489],
						[-71.04274000036897, 42.330500999696646],
						[-71.04408699988298, 42.33048799993821]
					]
				]
			},
			"properties": { "GEOID": "250250604003", "TRACT": "060400", "BLKGRP": "3", "AREALAND": 80520 }
		},
		{
			"type": "Feature",
			"geometry": {
				"type": "Polygon",
				"coordinates": [
					[
						[-71.04745600020205, 42.332966000204365],
						[-71.04744899963103, 42.33231300027772],
						[-71.0474050001484, 42.331735000245075],
						[-71.04741500019415, 42.33124499978678],
						[-71.04738400023201, 42.33041899989812],
						[-71.04738500005693, 42.33013599999092],
						[-71.04617300026212, 42.33015799975477],
						[-71.04532899981501, 42.330180000175034],
						[-71.04490399966758, 42.33017799989568],
						[-71.04405300044611, 42.33019199985768],
						[-71.04408699988298, 42.33048799993821],
						[-71.04274000036897, 42.330500999696646],
						[-71.04278100037683, 42.33132300001489],
						[-71.04257299996438, 42.3313290000795],
						[-71.04260899994938, 42.332170999709454],
						[-71.04295600027903, 42.33215399986312],
						[-71.04413700011169, 42.3321320001333],
						[-71.04416700024893, 42.33272100026688],
						[-71.04416499970078, 42.33278700014336],
						[-71.04416100040115, 42.33293800018389],
						[-71.04423400019608, 42.33272899973238],
						[-71.04426400033331, 42.332641000243214],
						[-71.04456200025915, 42.332375000163395],
						[-71.04487500025357, 42.33224200003366],
						[-71.04522400023303, 42.33215299975481],
						[-71.04528299978426, 42.33213900022928],
						[-71.04570299990884, 42.3321140001675],
						[-71.04616099966823, 42.332125000036534],
						[-71.04649999960196, 42.332193000089724],
						[-71.04678900020527, 42.33229099993943],
						[-71.04702000018395, 42.3324180000054],
						[-71.04714800023046, 42.33255000032505],
						[-71.04725000033771, 42.33269599977235],
						[-71.04727899975171, 42.332848000128614],
						[-71.04728200012477, 42.33297100001695],
						[-71.04745600020205, 42.332966000204365]
					]
				]
			},
			"properties": { "GEOID": "250250604004", "TRACT": "060400", "BLKGRP": "4", "AREALAND": 86647 }
		},
		{
			"type": "Feature",
			"geometry": {
				"type": "Polygon",
				"coordinates": [
					[
						[-71.04750800008057, 42.33459899994503],
						[-71.0474749995703, 42.33423799975073],
						[-71.04745000035425, 42.33364600028878],
						[-71.04745600020205, 42.332966000204365],
						[-71.04728200012477, 42.33297100001695],
						[-71.04727899975171, 42.332848000128614],
						[-71.04725000033771, 42.33269599977235],
						[-71.04714800023046, 42.33255000032505],
						[-71.04702000018395, 42.3324180000054],
						[-71.04678900020527, 42.33229099993943],
						[-71.04649999960196, 42.332193000089724],
						[-71.04616099966823, 42.332125000036534],
						[-71.04570299990884, 42.3321140001675],
						[-71.04528299978426, 42.33213900022928],
						[-71.04522400023303, 42.33215299975481],
						[-71.04487500025357, 42.33224200003366],
						[-71.04456200025915, 42.332375000163395],
						[-71.04426400033331, 42.332641000243214],
						[-71.04423400019608, 42.33272899973238],
						[-71.04416100040115, 42.33293800018389],
						[-71.04417899994449, 42.33312900026559],
						[-71.04419999986088, 42.33335600033156],
						[-71.04420200040903, 42.3337700000272],
						[-71.04423900021894, 42.334586999775055],
						[-71.04425299956434, 42.335001000000155],
						[-71.04426900035618, 42.33546999991562],
						[-71.04544400034106, 42.33545200024107],
						[-71.04569500041124, 42.33545200024107],
						[-71.04595700035206, 42.33536199979902],
						[-71.04627700001919, 42.33522300031679],
						[-71.04676300026598, 42.33495899999567],
						[-71.0472410001169, 42.33472499993156],
						[-71.04750800008057, 42.33459899994503]
					]
				]
			},
			"properties": { "GEOID": "250250604005", "TRACT": "060400", "BLKGRP": "5", "AREALAND": 87063 }
		}
	]
}
